word,layer_1,layer_2
But,0.198,0.212
other,0.193,0.15
sources,0.353,0.405
close,0.337,0.401
to,0.12,0.113
the,0.078,0.081
sale,0.432,0.397
said,0.232,0.166
was,0.102,0.09
keeping,0.437,0.449
door,0.36,0.319
open,0.218,0.223
further,0.287,0.244
and,0.138,0.109
see,0.18,0.15
interested,0.382,0.452
in,0.095,0.093
individual,0.337,0.345
assets,0.485,0.536
team,0.186,0.171
up,0.129,0.141
for,0.07,0.052
next,0.395,0.317
day,0.136,0.101
or,0.153,0.138
two,0.093,0.093
has,0.103,0.094
declared,0.259,0.243
its,0.146,0.114
first,0.143,0.119
profit,0.168,0.178
three,0.136,0.095
years,0.196,0.175
's,0.142,0.099
numbers,0.269,0.24
also,0.133,0.132
The,0.16,0.12
are,0.098,0.113
part,0.176,0.155
of,0.068,0.061
failed,0.392,0.381
Republican,0.263,0.263
efforts,0.233,0.212
force,0.151,0.158
Democrats,0.243,0.254
return,0.257,0.23
Perry,0.877,0.889
he,0.129,0.091
backs,0.349,0.278
Senate,0.247,0.262
including,0.135,0.114
American,0.176,0.17
Council,0.298,0.257
which,0.231,0.156
represents,0.638,0.535
conservatives,0.493,0.452
it,0.192,0.231
will,0.093,0.098
seek,0.271,0.205
create,0.172,0.136
a,0.088,0.096
separate,0.354,0.343
group,0.393,0.306
province,0.668,0.685
North,0.221,0.224
America,0.215,0.19
because,0.257,0.148
last,0.25,0.181
week,0.142,0.096
actions,0.214,0.214
tech,0.585,0.533
Nasdaq,0.528,0.467
composite,0.535,0.499
rose,0.274,0.279
points,0.298,0.286
ending,0.49,0.439
at,0.149,0.114
highest,0.395,0.382
level,0.184,0.167
12,0.17,0.155
months,0.25,0.185
technology,0.379,0.406
laced,0.407,0.359
Composite,0.37,0.293
Index,0.405,0.381
<,0.372,0.312
.IXIC,0.829,0.599
>,0.414,0.354
climbed,0.467,0.386
1.2,0.525,0.425
percent,0.35,0.25
shares,0.342,0.342
gained,0.336,0.35
cents,0.363,0.366
$,0.244,0.248
afternoon,0.458,0.472
trading,0.26,0.257
on,0.151,0.138
Shares,0.505,0.413
were,0.125,0.102
14,0.337,0.31
late,0.211,0.22
New,0.235,0.243
York,0.323,0.306
Stock,0.403,0.333
Exchange,0.321,0.285
U.S.,0.109,0.113
prosecutors,0.313,0.325
have,0.107,0.073
arrested,0.159,0.156
more,0.114,0.086
than,0.293,0.206
individuals,0.273,0.297
seized,0.371,0.322
17,0.25,0.205
million,0.195,0.16
continuing,0.481,0.446
crackdown,0.346,0.362
Internet,0.245,0.223
fraud,0.216,0.22
abuse,0.318,0.306
More,0.312,0.27
people,0.152,0.162
been,0.116,0.087
worth,0.346,0.293
property,0.319,0.272
an,0.089,0.089
announced,0.358,0.291
Friday,0.197,0.171
by,0.145,0.102
government,0.118,0.094
agencies,0.33,0.366
Chavez,0.334,0.337
investigators,0.459,0.454
feel,0.181,0.221
confident,0.371,0.351
they,0.152,0.101
've,0.121,0.108
got,0.122,0.117
least,0.283,0.234
one,0.135,0.098
fires,0.323,0.317
resolved,0.608,0.549
that,0.22,0.136
regard,0.439,0.395
Mayor,0.45,0.409
Martin,0.311,0.279
felt,0.277,0.317
with,0.152,0.125
arrests,0.429,0.408
had,0.107,0.086
properly,0.43,0.419
himself,0.282,0.288
home,0.16,0.142
after,0.113,0.093
developed,0.274,0.254
SARS,0.4,0.394
Dec.,0.327,0.393
10,0.143,0.128
as,0.111,0.058
soon,0.483,0.35
officials,0.169,0.12
support,0.203,0.206
come,0.202,0.205
free,0.206,0.164
software,0.264,0.239
called,0.348,0.222
current,0.273,0.208
customers,0.294,0.304
be,0.095,0.069
available,0.394,0.315
January,0.33,0.346
2004,0.492,0.446
man,0.164,0.149
accused,0.26,0.2
using,0.149,0.164
fake,0.63,0.599
plane,0.225,0.218
West,0.217,0.192
April,0.268,0.259
sentenced,0.274,0.243
20,0.165,0.152
prison,0.233,0.195
A,0.261,0.261
passenger,0.323,0.257
from,0.089,0.072
Cuba,0.278,0.282
Florida,0.206,0.197
Jim,0.407,0.336
Williams,0.601,0.537
director,0.269,0.24
US,0.124,0.133
project,0.221,0.23
middle,0.266,0.214
November,0.316,0.271
many,0.283,0.213
passengers,0.273,0.294
Atlanta,0.396,0.404
foreign,0.218,0.193
hearing,0.296,0.279
occurred,0.265,0.232
Pentagon,0.373,0.359
time,0.126,0.104
out,0.169,0.118
officer,0.244,0.211
not,0.155,0.192
scandal,0.395,0.346
came,0.246,0.234
address,0.315,0.3
is,0.196,0.202
itself,0.224,0.258
Peter,0.402,0.398
All,0.574,0.592
Nairobi,0.418,0.409
In,0.332,0.303
population,0.244,0.24
County,0.276,0.275
Swartz,0.279,0.263
February,0.434,0.457
argued,0.511,0.529
wrong,0.25,0.254
place,0.126,0.121
charge,0.198,0.216
him,0.113,0.118
sought,0.409,0.353
charges,0.26,0.234
dismissed,0.46,0.383
saying,0.432,0.34
survey,0.394,0.34
conducted,0.38,0.34
those,0.169,0.135
equal,0.345,0.401
courts,0.26,0.294
ruled,0.389,0.332
broke,0.292,0.314
constitutional,0.414,0.423
church,0.292,0.327
state,0.177,0.121
federal,0.216,0.195
ban,0.321,0.288
against,0.176,0.165
established,0.354,0.338
religion,0.187,0.194
They,0.141,0.162
Hospital,0.242,0.191
over,0.139,0.143
weekend,0.225,0.224
evaluation,0.759,0.759
tests,0.308,0.322
now,0.207,0.167
When,0.441,0.375
bomb,0.173,0.177
exploded,0.284,0.273
de,0.239,0.226
eating,0.221,0.191
dinner,0.466,0.413
playing,0.272,0.242
At,0.307,0.261
when,0.106,0.121
went,0.245,0.232
off,0.14,0.119
commission,0.364,0.337
wo,0.374,0.282
n't,0.111,0.088
year,0.193,0.14
statute,0.651,0.641
panel,0.294,0.333
begin,0.29,0.238
investigation,0.246,0.233
weeks,0.375,0.321
'll,0.194,0.138
probably,0.23,0.228
send,0.366,0.375
Peace,0.29,0.331
Rules,0.385,0.444
run,0.168,0.171
May,0.253,0.209
If,0.188,0.224
convicted,0.31,0.281
spying,0.35,0.394
could,0.165,0.139
face,0.248,0.218
death,0.268,0.232
penalty,0.374,0.431
enemy,0.362,0.304
can,0.135,0.121
carry,0.205,0.22
broader,0.707,0.724
Standard,0.338,0.311
Poor,0.407,0.329
500,0.466,0.413
.SPX,0.777,0.613
shed,0.503,0.505
each,0.417,0.279
counts,0.648,0.624
securities,0.48,0.498
charged,0.273,0.212
16,0.2,0.198
wire,0.344,0.368
interests,0.27,0.313
themselves,0.321,0.331
control,0.223,0.191
network,0.388,0.402
aid,0.246,0.267
them,0.151,0.134
It,0.186,0.22
may,0.116,0.103
members,0.216,0.189
say,0.197,0.178
expect,0.482,0.429
decision,0.169,0.164
here,0.164,0.143
pose,0.39,0.467
problems,0.153,0.2
some,0.104,0.115
who,0.157,0.195
believe,0.161,0.128
science,0.222,0.198
instruments,0.421,0.469
University,0.374,0.295
military,0.104,0.107
killed,0.15,0.14
rebels,0.301,0.247
captured,0.458,0.489
nine,0.288,0.3
campaign,0.294,0.312
so,0.145,0.121
far,0.192,0.173
loss,0.273,0.301
six,0.135,0.142
soldiers,0.329,0.355
wounded,0.367,0.376
soldier,0.254,0.247
new,0.131,0.097
analysis,0.3,0.317
risks,0.305,0.37
this,0.099,0.097
natural,0.185,0.187
process,0.358,0.287
important,0.345,0.341
changes,0.304,0.297
named,0.27,0.291
fell,0.304,0.258
about,0.22,0.169
4,0.211,0.204
morning,0.345,0.315
trade,0.239,0.236
One,0.252,0.255
Fort,0.597,0.579
based,0.261,0.161
33,0.475,0.404
his,0.142,0.134
way,0.221,0.178
attend,0.397,0.365
mother,0.27,0.27
funeral,0.317,0.353
Pennsylvania,0.569,0.445
coming,0.165,0.175
Iraq,0.273,0.207
Police,0.217,0.216
launched,0.36,0.336
international,0.174,0.153
she,0.207,0.168
ran,0.281,0.274
away,0.238,0.238
old,0.174,0.165
Saturday,0.243,0.213
meet,0.344,0.354
others,0.17,0.186
familiar,0.605,0.616
remains,0.429,0.35
though,0.358,0.292
declined,0.508,0.442
discuss,0.275,0.333
probe,0.341,0.242
While,0.288,0.253
refuse,0.413,0.47
lawyers,0.402,0.38
Dow,0.456,0.316
Jones,0.528,0.535
industrial,0.568,0.57
average,0.467,0.471
.DJI,0.825,0.65
blue,0.139,0.187
chip,0.43,0.431
giving,0.156,0.165
1,0.268,0.25
earlier,0.209,0.216
neither,0.501,0.513
nor,0.664,0.611
keep,0.185,0.166
drawing,0.325,0.312
pleaded,0.268,0.259
guilty,0.358,0.278
insider,0.433,0.404
scheduled,0.418,0.344
June,0.237,0.214
He,0.467,0.434
allowed,0.448,0.427
runs,0.337,0.297
seven,0.296,0.263
struck,0.515,0.512
five,0.145,0.135
hits,0.218,0.216
four,0.114,0.102
walks,0.29,0.262
Still,0.544,0.406
I,0.111,0.101
'm,0.111,0.099
absolutely,0.27,0.311
we,0.098,0.098
're,0.111,0.095
going,0.211,0.167
bill,0.217,0.18
Thursday,0.156,0.126
Boeing,0.205,0.189
final,0.188,0.176
agreement,0.292,0.276
expected,0.296,0.212
signed,0.362,0.268
during,0.126,0.124
few,0.181,0.178
Korean,0.164,0.156
Air,0.177,0.174
deal,0.233,0.182
several,0.176,0.143
spokesman,0.236,0.184
Bob,0.289,0.303
closed,0.241,0.216
gain,0.455,0.429
6,0.216,0.215
Control,0.45,0.384
cases,0.276,0.233
deaths,0.346,0.426
There,0.149,0.139
human,0.316,0.328
Indiana,0.357,0.355
2002,0.261,0.291
11,0.188,0.168
divided,0.336,0.305
Supreme,0.301,0.283
Court,0.35,0.285
Monday,0.144,0.119
Congress,0.241,0.211
nation,0.281,0.242
public,0.203,0.147
computers,0.261,0.242
anti,0.141,0.144
law,0.16,0.112
weakness,0.438,0.382
looks,0.241,0.253
properties,0.325,0.304
documents,0.264,0.251
passed,0.384,0.39
document,0.385,0.37
opened,0.298,0.307
host,0.498,0.471
Microsoft,0.203,0.217
checks,0.448,0.45
Of,0.436,0.433
24,0.224,0.213
votes,0.296,0.32
putting,0.353,0.34
ahead,0.357,0.27
phone,0.315,0.29
cast,0.333,0.31
only,0.194,0.164
still,0.204,0.221
would,0.208,0.196
get,0.089,0.071
security,0.187,0.169
card,0.329,0.273
their,0.083,0.079
cable,0.324,0.343
into,0.122,0.136
set,0.201,0.191
To,0.455,0.424
watch,0.378,0.412
pay,0.229,0.233
television,0.261,0.236
consumers,0.476,0.557
provided,0.532,0.487
service,0.158,0.134
However,0.467,0.459
decided,0.379,0.326
European,0.18,0.174
engine,0.265,0.293
best,0.228,0.187
overall,0.301,0.271
solution,0.333,0.272
due,0.202,0.182
price,0.244,0.306
made,0.268,0.206
Food,0.509,0.405
rejected,0.488,0.453
2001,0.223,0.205
sell,0.25,0.244
research,0.167,0.154
original,0.24,0.304
December,0.435,0.433
trial,0.32,0.307
civil,0.242,0.238
something,0.181,0.119
House,0.231,0.216
Committee,0.371,0.334
Chairman,0.298,0.302
James,0.214,0.199
says,0.241,0.18
won,0.396,0.371
sixth,0.444,0.436
game,0.145,0.153
win,0.299,0.222
since,0.27,0.197
Colorado,0.244,0.259
3,0.198,0.181
2,0.196,0.185
Wednesday,0.149,0.118
front,0.168,0.114
crowd,0.306,0.296
Stadium,0.508,0.533
So,0.316,0.348
Ohio,0.479,0.504
Michigan,0.306,0.282
Illinois,0.423,0.434
authorities,0.205,0.206
areas,0.305,0.27
=,0.296,0.382
RR,0.535,0.384
taking,0.261,0.328
yield,0.406,0.426
another,0.218,0.144
record,0.252,0.232
low,0.261,0.252
hitting,0.357,0.41
On,0.415,0.364
Washington,0.22,0.203
Post,0.376,0.358
article,0.173,0.184
50,0.18,0.188
basis,0.299,0.286
point,0.134,0.131
cut,0.272,0.255
Fed,0.362,0.388
likely,0.259,0.275
contrary,0.758,0.668
Wall,0.322,0.315
Street,0.255,0.211
Journal,0.792,0.772
line,0.132,0.137
Mr.,0.224,0.177
suffered,0.541,0.54
broken,0.364,0.364
torn,0.555,0.502
faces,0.316,0.309
surgery,0.455,0.391
found,0.219,0.186
right,0.181,0.17
rights,0.179,0.146
self,0.25,0.201
refused,0.226,0.302
turn,0.522,0.465
papers,0.282,0.305
Texas,0.168,0.162
history,0.258,0.241
act,0.329,0.312
news,0.202,0.173
release,0.219,0.187
budget,0.291,0.283
share,0.328,0.29
Thomson,0.496,0.512
Financial,0.412,0.434
First,0.434,0.385
Call,0.496,0.451
operations,0.515,0.492
Security,0.351,0.287
experts,0.235,0.259
warning,0.508,0.51
mass,0.525,0.408
worm,0.528,0.459
widely,0.351,0.361
across,0.284,0.281
sometimes,0.332,0.381
posing,0.235,0.187
e,0.277,0.295
mail,0.546,0.503
rapidly,0.302,0.415
Bill,0.278,0.263
Gates,0.409,0.472
Mr,0.388,0.347
police,0.129,0.144
identified,0.444,0.365
bodies,0.306,0.299
cell,0.317,0.285
believed,0.358,0.253
carried,0.393,0.322
almost,0.153,0.196
attacks,0.186,0.182
bombers,0.465,0.438
raids,0.301,0.277
night,0.181,0.129
Only,0.311,0.336
bans,0.373,0.352
phones,0.477,0.466
devices,0.425,0.328
while,0.287,0.299
driving,0.265,0.214
addition,0.484,0.342
legislation,0.353,0.257
mobile,0.288,0.259
released,0.237,0.215
today,0.159,0.157
policy,0.228,0.232
down,0.211,0.207
previously,0.33,0.288
admitted,0.488,0.453
plans,0.212,0.164
requirements,0.36,0.385
Arab,0.654,0.647
Al,0.349,0.321
appears,0.284,0.248
effort,0.251,0.256
An,0.22,0.17
al,0.2,0.169
evidence,0.235,0.244
yet,0.215,0.204
Saddam,0.3,0.367
war,0.18,0.147
Former,0.2,0.155
company,0.168,0.15
chief,0.254,0.243
financial,0.334,0.293
count,0.449,0.469
conspiracy,0.531,0.533
5,0.259,0.238
agreed,0.266,0.237
Last,0.572,0.495
former,0.166,0.2
did,0.254,0.188
detail,0.522,0.519
costs,0.296,0.274
replacement,0.449,0.429
work,0.158,0.176
dollars,0.391,0.328
Dean,0.456,0.356
told,0.255,0.216
traveling,0.391,0.406
tour,0.399,0.407
considered,0.456,0.405
challenge,0.557,0.562
Today,0.528,0.454
ends,0.229,0.21
Chicago,0.374,0.368
if,0.238,0.147
too,0.19,0.162
much,0.17,0.154
lose,0.596,0.557
my,0.124,0.136
job,0.3,0.293
device,0.352,0.327
plays,0.265,0.238
radio,0.266,0.27
streams,0.689,0.665
comes,0.271,0.217
music,0.252,0.291
product,0.361,0.321
digital,0.427,0.413
dollar,0.327,0.387
per,0.273,0.202
euro,0.361,0.352
a.m.,0.462,0.422
London,0.169,0.142
dropped,0.341,0.273
angry,0.482,0.473
reaction,0.389,0.44
Commission,0.249,0.223
described,0.657,0.619
move,0.218,0.178
legally,0.639,0.631
EU,0.245,0.253
powerful,0.198,0.232
executive,0.271,0.218
body,0.2,0.178
left,0.229,0.181
days,0.238,0.189
department,0.346,0.342
plan,0.158,0.134
medical,0.244,0.246
marijuana,0.426,0.464
through,0.213,0.232
doctors,0.326,0.332
Office,0.582,0.465
Medical,0.632,0.609
her,0.11,0.098
During,0.692,0.65
just,0.127,0.131
40,0.216,0.179
accounts,0.61,0.603
billion,0.174,0.181
bid,0.591,0.471
governor,0.295,0.29
but,0.119,0.079
lost,0.197,0.194
primary,0.33,0.301
largest,0.181,0.221
100,0.239,0.235
top,0.251,0.227
start,0.363,0.323
electronic,0.309,0.296
all,0.181,0.129
goods,0.218,0.198
Jan.,0.365,0.361
25,0.303,0.262
Wal,0.381,0.375
Mart,0.436,0.39
need,0.268,0.282
systems,0.227,0.178
supply,0.178,0.209
chain,0.349,0.349
taken,0.342,0.271
hospital,0.297,0.256
precautionary,0.435,0.451
X,0.309,0.211
neck,0.35,0.384
back,0.231,0.237
negative,0.244,0.257
expressed,0.551,0.549
regrets,0.567,0.54
July,0.356,0.378
regret,0.576,0.653
crimes,0.345,0.295
woman,0.198,0.189
such,0.341,0.224
abortion,0.293,0.266
under,0.128,0.14
District,0.665,0.55
Judge,0.428,0.382
should,0.179,0.155
determined,0.36,0.344
plants,0.248,0.277
increase,0.316,0.309
pollution,0.528,0.495
Corp.,0.263,0.197
Site,0.387,0.326
visited,0.588,0.562
times,0.218,0.164
introduction,0.653,0.646
Through,0.489,0.563
Sunday,0.19,0.156
Sept.,0.335,0.343
21,0.272,0.229
users,0.349,0.364
Assembly,0.432,0.429
47,0.347,0.314
Republicans,0.275,0.331
This,0.141,0.158
personal,0.252,0.204
blow,0.541,0.544
family,0.175,0.149
head,0.206,0.178
News,0.202,0.195
basically,0.301,0.305
establish,0.255,0.256
make,0.151,0.102
sure,0.31,0.251
getting,0.177,0.17
money,0.148,0.147
California,0.184,0.175
meeting,0.229,0.228
latest,0.133,0.111
labor,0.609,0.601
markets,0.232,0.265
slightly,0.256,0.218
better,0.2,0.165
forecasting,1.0,0.999
claims,0.207,0.2
fall,0.228,0.238
no,0.13,0.117
lower,0.272,0.285
market,0.218,0.247
around,0.145,0.153
like,0.362,0.306
concrete,0.348,0.347
between,0.168,0.149
being,0.218,0.151
27,0.384,0.367
degree,0.322,0.375
murder,0.24,0.237
vehicle,0.333,0.335
able,0.273,0.291
compete,0.335,0.292
fast,0.411,0.371
growing,0.339,0.322
China,0.221,0.231
India,0.224,0.221
Linda,0.554,0.474
court,0.189,0.219
laundering,0.374,0.351
both,0.15,0.131
Paris,0.257,0.237
Linux,0.287,0.3
biggest,0.279,0.261
threats,0.268,0.248
sales,0.158,0.154
Castro,0.359,0.354
currently,0.293,0.308
’s,0.138,0.123
become,0.139,0.141
operating,0.295,0.316
same,0.167,0.162
date,0.318,0.249
relations,0.36,0.365
answer,0.239,0.27
report,0.124,0.156
added,0.29,0.358
spin,0.562,0.617
debate,0.231,0.271
Another,0.249,0.3
shooting,0.323,0.289
linked,0.448,0.472
Central,0.223,0.219
miles,0.331,0.276
School,0.21,0.211
Tuesday,0.176,0.131
central,0.322,0.301
bank,0.286,0.273
interest,0.343,0.335
rates,0.361,0.483
toward,0.309,0.333
warned,0.274,0.275
board,0.209,0.208
system,0.102,0.11
1.1,0.414,0.367
22,0.216,0.199
depending,0.386,0.35
journalists,0.538,0.512
South,0.157,0.147
activists,0.36,0.387
protesting,0.688,0.484
outside,0.157,0.164
main,0.409,0.309
media,0.193,0.181
centre,0.408,0.444
cancer,0.222,0.222
removed,0.248,0.236
According,0.201,0.2
performs,0.335,0.412
exactly,0.32,0.322
companies,0.217,0.211
statement,0.195,0.17
injured,0.228,0.223
among,0.219,0.221
agency,0.14,0.138
quarter,0.194,0.153
cost,0.291,0.317
200,0.276,0.314
prices,0.221,0.239
Super,0.444,0.389
Media,0.373,0.332
most,0.238,0.181
any,0.109,0.101
tax,0.261,0.211
estimated,0.633,0.521
whether,0.266,0.227
forces,0.232,0.251
Syrian,0.209,0.2
territory,0.351,0.311
vague,0.64,0.677
how,0.154,0.131
border,0.206,0.16
became,0.338,0.387
involved,0.281,0.235
intelligence,0.191,0.172
15,0.213,0.2
battle,0.203,0.182
reported,0.226,0.188
notice,0.496,0.495
Penn,0.556,0.491
State,0.218,0.193
sent,0.289,0.235
held,0.199,0.182
health,0.149,0.146
care,0.2,0.181
worker,0.365,0.362
country,0.2,0.191
die,0.275,0.255
Canadian,0.507,0.424
contracted,0.803,0.796
disease,0.303,0.257
General,0.532,0.459
site,0.21,0.172
second,0.125,0.132
outbreak,0.608,0.62
51,0.301,0.278
working,0.263,0.233
nurse,0.588,0.622
Their,0.594,0.611
leader,0.2,0.14
Abu,0.577,0.549
turned,0.346,0.348
recent,0.406,0.328
Saudi,0.25,0.196
shoot,0.498,0.558
recently,0.241,0.215
After,0.516,0.422
opening,0.307,0.304
King,0.3,0.233
Charles,0.771,0.712
until,0.145,0.193
then,0.208,0.186
Google,0.269,0.206
investors,0.345,0.376
include,0.297,0.221
Capital,0.349,0.323
paper,0.263,0.202
early,0.183,0.18
stage,0.243,0.235
Stanford,0.425,0.451
1st,0.303,0.334
anniversary,0.455,0.335
Hong,0.351,0.288
Kong,0.322,0.268
Chinese,0.181,0.206
rule,0.355,0.372
rally,0.218,0.213
Palm,0.474,0.459
started,0.271,0.286
father,0.314,0.316
handheld,0.56,0.609
buy,0.267,0.305
created,0.406,0.362
co,0.183,0.195
our,0.135,0.114
proposal,0.267,0.264
peace,0.168,0.167
talks,0.276,0.19
Malaysia,0.229,0.23
string,0.361,0.378
bombings,0.303,0.268
deadly,0.194,0.181
posted,0.43,0.44
ago,0.391,0.342
period,0.321,0.307
That,0.316,0.276
earned,0.363,0.346
Boston,0.271,0.283
Along,0.822,0.741
where,0.172,0.153
Georgia,0.497,0.5
empty,0.292,0.333
homes,0.419,0.34
water,0.198,0.14
tiny,0.35,0.433
Bank,0.263,0.255
settlement,0.265,0.314
overnight,0.387,0.399
backed,0.354,0.289
Mideast,0.437,0.472
Israeli,0.18,0.188
yesterday,0.154,0.185
union,0.268,0.23
reveal,0.4,0.32
later,0.188,0.19
Get,0.304,0.236
Howard,0.518,0.492
chairman,0.414,0.413
national,0.195,0.185
firm,0.194,0.195
City,0.157,0.145
damaged,0.505,0.497
products,0.321,0.375
Pylon,0.463,0.394
Pro,0.403,0.425
desktop,0.325,0.368
side,0.183,0.154
class,0.279,0.225
field,0.185,0.148
International,0.316,0.244
winning,0.383,0.336
look,0.167,0.17
easy,0.381,0.343
Turkish,0.26,0.288
suicide,0.319,0.262
forecast,0.422,0.425
earnings,0.334,0.352
range,0.361,0.389
60,0.397,0.376
80,0.376,0.348
expects,0.482,0.542
From,0.32,0.262
Alaska,0.371,0.328
thousands,0.272,0.234
push,0.253,0.224
legal,0.125,0.13
sex,0.243,0.213
marriages,0.572,0.545
Thousands,0.273,0.246
By,0.432,0.393
acres,0.462,0.566
hundreds,0.348,0.307
apart,0.523,0.513
status,0.23,0.268
Egypt,0.248,0.26
Israel,0.257,0.255
Australia,0.172,0.173
already,0.196,0.202
appear,0.316,0.345
Association,0.477,0.437
web,0.426,0.341
sites,0.478,0.362
results,0.249,0.241
published,0.35,0.347
issue,0.325,0.295
room,0.152,0.191
battery,0.283,0.213
space,0.339,0.277
dozens,0.363,0.41
targets,0.454,0.415
killing,0.243,0.256
hours,0.416,0.389
pointed,0.406,0.407
word,0.266,0.267
English,0.207,0.183
Close,0.419,0.374
operation,0.205,0.18
enforcement,0.465,0.451
services,0.256,0.252
heart,0.44,0.393
ongoing,0.651,0.602
fight,0.292,0.253
terrorism,0.271,0.22
cooperation,0.221,0.213
regional,0.478,0.399
2006,0.399,0.367
Pacific,0.451,0.484
growth,0.374,0.301
Robert,0.303,0.243
truck,0.183,0.194
building,0.284,0.25
am,0.254,0.248
walls,0.355,0.365
collapsed,0.497,0.411
despite,0.212,0.203
what,0.167,0.142
difficult,0.389,0.363
included,0.355,0.28
action,0.186,0.168
northern,0.247,0.233
African,0.225,0.222
countries,0.14,0.116
gathering,0.476,0.486
command,0.671,0.57
nations,0.314,0.264
Bush,0.207,0.221
administration,0.176,0.184
blames,0.463,0.496
Hussein,0.385,0.439
Muslim,0.141,0.128
militants,0.209,0.225
troops,0.208,0.222
wave,0.306,0.332
guerrilla,0.655,0.752
emerged,1.0,1.0
Tour,0.365,0.34
confirmed,0.382,0.307
leg,0.459,0.496
near,0.147,0.161
author,0.661,0.615
defense,0.149,0.16
testify,0.342,0.453
figures,0.424,0.366
becoming,0.328,0.331
Dr.,0.67,0.614
president,0.179,0.155
association,0.293,0.255
emergency,0.303,0.252
unacceptable,0.443,0.357
France,0.23,0.233
Doctors,0.581,0.537
happened,0.279,0.22
you,0.143,0.188
punishment,0.585,0.565
certainly,0.306,0.35
enough,0.221,0.184
friends,0.212,0.225
supporters,0.246,0.287
filled,0.693,0.545
half,0.222,0.172
What,0.365,0.305
alleged,0.226,0.211
lawsuit,0.394,0.407
note,0.362,0.349
benchmark,0.367,0.304
10-year,0.36,0.356
US10YT,0.656,0.543
As,0.236,0.224
sold,0.414,0.365
help,0.248,0.244
desk,0.232,0.225
unit,0.236,0.271
Software,0.558,0.498
Inc.,0.241,0.186
business,0.239,0.253
Yes,0.226,0.126
memory,0.234,0.32
world,0.237,0.199
month,0.272,0.207
summer,0.389,0.326
caused,0.428,0.343
industry,0.226,0.202
Domestic,0.664,0.613
No,0.282,0.255
Ford,0.41,0.406
Co.,0.472,0.472
larger,0.329,0.286
storm,0.337,0.308
Gulf,0.359,0.406
Mexico,0.237,0.21
hit,0.156,0.141
along,0.332,0.286
land,0.414,0.448
coast,0.374,0.36
pressure,0.227,0.192
well,0.271,0.199
rise,0.307,0.271
coverage,0.485,0.461
round,0.312,0.301
planned,0.465,0.459
sports,0.377,0.422
words,0.178,0.201
even,0.292,0.305
Richard,0.245,0.253
kept,0.44,0.385
used,0.287,0.227
fit,0.37,0.392
Part,0.398,0.368
accord,0.42,0.485
implementation,0.493,0.5
special,0.235,0.269
council,0.472,0.402
monitor,0.535,0.548
spending,0.257,0.256
progress,0.243,0.214
key,0.188,0.141
portion,0.358,0.423
measure,0.362,0.401
San,0.261,0.259
Diego,0.653,0.635
worked,0.288,0.264
materials,0.433,0.417
1.5,0.283,0.283
stronger,0.284,0.297
lift,0.448,0.381
development,0.223,0.209
nuclear,0.141,0.144
weapons,0.165,0.148
Both,0.238,0.243
end,0.203,0.213
fluid,0.326,0.496
brain,0.436,0.446
person,0.251,0.259
together,0.229,0.225
demand,0.354,0.342
Press,0.413,0.335
workers,0.131,0.157
men,0.206,0.207
inside,0.175,0.201
blast,0.245,0.201
missing,0.244,0.211
official,0.153,0.127
Reuters,0.513,0.399
We,0.286,0.291
raid,0.376,0.316
view,0.301,0.268
illegal,0.31,0.27
morally,0.767,0.76
telephone,0.406,0.383
bone,0.457,0.52
animal,0.191,0.204
Union,0.205,0.159
President,0.279,0.234
hands,0.2,0.164
Italian,0.22,0.249
prime,0.198,0.18
minister,0.146,0.141
letter,0.215,0.243
Some,0.474,0.453
95,0.583,0.539
Americans,0.2,0.225
mutual,0.558,0.539
funds,0.308,0.322
About,0.397,0.347
attorney,0.233,0.205
Force,0.497,0.505
denied,0.589,0.456
according,0.381,0.283
employees,0.325,0.271
Since,0.486,0.333
city,0.334,0.286
received,0.303,0.261
reports,0.157,0.144
dead,0.164,0.169
Freedom,0.496,0.481
everyone,0.31,0.32
there,0.184,0.153
call,0.17,0.182
drug,0.283,0.248
do,0.158,0.152
past,0.315,0.276
own,0.153,0.165
SCO,0.363,0.393
common,0.232,0.207
stock,0.245,0.218
outstanding,0.966,0.912
investment,0.256,0.275
gives,0.234,0.222
elderly,0.369,0.408
urged,0.505,0.409
protect,0.341,0.243
independent,0.312,0.394
oil,0.258,0.288
contribute,0.471,0.467
allow,0.248,0.213
Iraqi,0.242,0.228
prevent,0.21,0.219
Carolina,0.377,0.367
stores,0.312,0.29
bringing,0.652,0.587
total,0.317,0.305
Six,0.307,0.288
number,0.261,0.212
lawyer,0.496,0.447
Thomas,0.28,0.248
newspaper,0.392,0.394
My,0.196,0.21
understanding,0.36,0.342
percentage,0.445,0.44
successful,0.624,0.509
frozen,0.386,0.323
Federal,0.282,0.346
Trade,0.473,0.414
asked,0.223,0.196
additional,0.306,0.287
authority,0.258,0.239
traffic,0.39,0.419
powers,0.349,0.377
attack,0.217,0.144
problem,0.235,0.229
studies,0.276,0.294
show,0.196,0.23
grand,0.417,0.399
jury,0.296,0.315
remained,0.277,0.29
states,0.299,0.297
People,0.657,0.645
opposed,0.367,0.38
these,0.177,0.175
throughout,0.452,0.437
trying,0.263,0.187
find,0.214,0.166
fresh,0.25,0.272
reasons,0.255,0.256
thing,0.15,0.169
happening,0.398,0.337
why,0.504,0.428
FBI,0.293,0.283
agents,0.415,0.39
east,0.377,0.26
thought,0.302,0.248
dog,0.114,0.114
cat,0.182,0.211
someone,0.141,0.109
thrown,0.474,0.43
rock,0.193,0.202
aged,0.587,0.492
hot,0.425,0.414
again,0.163,0.134
2.5,0.595,0.607
2003,0.265,0.283
Miller,0.473,0.472
hospitalized,0.385,0.302
wife,0.301,0.333
57,0.431,0.423
immediately,0.511,0.422
reached,0.425,0.338
comment,0.338,0.33
covered,0.307,0.285
insurance,0.204,0.193
2000,0.355,0.324
attempt,0.392,0.369
refusing,0.481,0.611
test,0.189,0.176
World,0.197,0.169
professional,0.313,0.313
long,0.189,0.171
standing,0.17,0.143
starting,0.251,0.267
p.m.,0.347,0.28
Families,0.881,0.839
stuck,0.532,0.571
highway,0.466,0.403
cars,0.398,0.36
remain,0.346,0.285
use,0.288,0.254
case,0.181,0.139
connection,0.27,0.255
complete,0.234,0.238
Harry,0.439,0.381
Potter,0.679,0.615
Order,0.789,0.79
full,0.229,0.223
operated,0.577,0.567
fully,0.279,0.235
Women,0.453,0.418
eat,0.298,0.287
potatoes,0.641,0.712
vegetables,0.29,0.335
pregnancy,0.563,0.472
risk,0.273,0.27
type,0.272,0.318
children,0.181,0.178
researchers,0.275,0.265
Australian,0.203,0.201
trigger,0.545,0.564
broad,0.414,0.475
once,0.272,0.298
blood,0.308,0.317
fine,0.409,0.325
actually,0.233,0.278
guidelines,0.53,0.558
exercising,0.506,0.494
testing,0.715,0.626
given,0.305,0.233
positive,0.276,0.217
Amazon,0.315,0.292
Attorney,0.558,0.508
office,0.253,0.239
general,0.198,0.169
leading,0.374,0.325
daughter,0.184,0.186
having,0.25,0.293
30,0.203,0.156
stocks,0.267,0.247
cent,0.427,0.412
For,0.361,0.318
entire,0.242,0.277
season,0.288,0.207
track,0.434,0.415
doubled,0.438,0.517
increasing,0.338,0.334
initial,0.391,0.444
landing,0.421,0.45
circumstances,0.462,0.478
Market,0.9,0.837
64,0.563,0.557
calls,0.328,0.28
information,0.197,0.202
Island,0.522,0.523
Fox,0.313,0.284
Group,0.32,0.309
arm,0.259,0.298
45,0.386,0.361
take,0.11,0.099
hard,0.307,0.238
regime,0.353,0.337
Defense,0.36,0.312
Secretary,0.424,0.336
Donald,0.622,0.608
jumped,0.564,0.506
13,0.222,0.211
Bremer,0.609,0.617
initiative,0.455,0.412
launch,0.319,0.3
70,0.512,0.465
program,0.197,0.227
clean,0.426,0.438
build,0.239,0.193
community,0.444,0.38
projects,0.464,0.526
gave,0.462,0.53
details,0.355,0.341
search,0.173,0.181
buried,0.377,0.288
poured,0.651,0.677
house,0.192,0.157
performed,0.394,0.397
autopsy,0.52,0.525
northwest,0.773,0.652
base,0.237,0.215
United,0.369,0.264
States,0.159,0.17
gear,0.32,0.329
maker,0.592,0.544
possible,0.324,0.282
bribery,0.503,0.545
laws,0.226,0.262
Arabia,0.491,0.419
Two,0.195,0.15
investigating,0.477,0.471
terms,0.457,0.347
within,0.201,0.236
index,0.286,0.248
weekly,0.437,0.428
gaining,0.544,0.503
British,0.179,0.174
Foreign,0.502,0.407
coalition,0.276,0.291
pleased,0.356,0.317
freed,0.31,0.339
visit,0.269,0.265
every,0.353,0.342
Sources,0.856,0.842
racing,0.426,0.372
Daily,0.354,0.333
race,0.163,0.134
Labor,0.486,0.486
Day,0.328,0.231
Maybe,0.569,0.511
age,0.211,0.178
helps,0.406,0.451
us,0.197,0.189
understand,0.18,0.146
reality,0.321,0.354
Kerry,0.184,0.209
streets,0.25,0.271
Vietnam,0.369,0.346
War,0.206,0.181
claimed,0.314,0.303
Red,0.31,0.272
Free,0.34,0.3
74,0.76,0.683
Wells,0.781,0.808
before,0.215,0.137
waiting,0.382,0.441
arrive,0.605,0.533
CIA,0.639,0.622
Service,0.426,0.367
Royal,0.435,0.349
stay,0.188,0.202
Canada,0.223,0.197
Times,0.304,0.237
member,0.278,0.221
ended,0.453,0.422
Industrial,0.795,0.714
profile,0.486,0.373
56,0.501,0.539
She,0.333,0.33
bring,0.295,0.24
difference,0.244,0.23
function,0.3,0.292
significant,0.348,0.386
groups,0.167,0.179
doubt,0.495,0.467
chemical,0.448,0.466
programme,0.552,0.586
biological,0.304,0.321
indeed,0.468,0.45
UN,0.18,0.195
seems,0.216,0.206
issues,0.22,0.21
does,0.19,0.147
grown,0.378,0.349
particular,0.273,0.267
trees,0.347,0.293
know,0.168,0.152
sounds,0.27,0.324
true,0.364,0.345
real,0.336,0.306
exercise,0.448,0.418
actual,0.455,0.427
Dennehy,0.637,0.712
read,0.157,0.144
born,0.265,0.297
Christian,0.261,0.263
happen,0.254,0.225
tried,0.359,0.328
opinion,0.225,0.194
facts,0.523,0.529
rather,0.322,0.286
admit,0.321,0.394
cross,0.26,0.248
narrow,0.406,0.414
cliff,0.378,0.366
National,0.225,0.196
Park,0.424,0.399
southeastern,0.352,0.316
collected,0.663,0.645
figure,0.453,0.413
higher,0.244,0.27
S&P,0.51,0.45
44,0.356,0.312
advanced,0.523,0.466
raised,0.337,0.284
session,0.316,0.283
prepare,0.319,0.271
Uganda,0.92,0.889
took,0.24,0.217
highly,0.392,0.356
unusual,0.582,0.543
step,0.356,0.337
cabinet,0.347,0.241
hope,0.363,0.327
parties,0.311,0.303
continue,0.338,0.289
dialogue,0.335,0.357
Ministry,0.51,0.465
ministry,0.292,0.173
accident,0.394,0.295
bus,0.2,0.217
school,0.18,0.169
ancient,0.387,0.438
series,0.355,0.292
poor,0.441,0.432
meal,0.49,0.459
usually,0.222,0.165
western,0.279,0.284
Africa,0.245,0.253
dogs,0.173,0.204
n’t,0.424,0.374
indigenous,0.659,0.571
Board,0.426,0.488
Chancellor,0.548,0.569
matters,0.412,0.397
never,0.2,0.219
discussed,0.461,0.407
banning,0.606,0.625
film,0.392,0.323
Justice,0.42,0.394
Department,0.4,0.334
fewer,0.577,0.568
involving,0.41,0.371
visits,0.525,0.475
Islamic,0.328,0.328
conference,0.281,0.277
Francisco,0.463,0.476
annual,0.21,0.205
Diana,0.456,0.403
letters,0.358,0.381
army,0.217,0.189
shot,0.195,0.192
Hamas,0.338,0.335
militant,0.321,0.346
Its,0.373,0.368
Robinson,0.375,0.425
fired,0.364,0.352
cause,0.297,0.191
September,0.393,0.426
Chief,0.29,0.244
Executive,0.661,0.573
claim,0.211,0.196
lives,0.378,0.345
area,0.159,0.144
doctor,0.193,0.21
virus,0.311,0.32
Apple,0.278,0.309
online,0.289,0.254
selling,0.456,0.515
store,0.333,0.287
twice,0.474,0.479
complex,0.319,0.334
Oracle,0.522,0.586
offer,0.36,0.321
rival,0.446,0.531
PeopleSoft,0.404,0.428
weapon,0.265,0.268
banned,0.612,0.646
items,0.215,0.278
19,0.298,0.265
weather,0.484,0.43
Europe,0.2,0.199
dry,0.427,0.389
air,0.357,0.286
moving,0.212,0.195
taxpayer,0.629,0.578
press,0.339,0.291
somewhat,0.511,0.523
ruling,0.319,0.331
might,0.187,0.178
competing,0.638,0.614
Reynolds,0.433,0.421
fatally,0.612,0.552
turning,0.304,0.318
gun,0.277,0.281
Moore,0.457,0.473
appeal,0.29,0.304
directly,0.454,0.448
Alabama,0.507,0.551
watching,0.181,0.214
representation,0.581,0.701
video,0.212,0.174
screen,0.409,0.333
Virginia,0.25,0.271
His,0.406,0.414
protest,0.201,0.2
led,0.515,0.466
huge,0.209,0.169
Agriculture,0.49,0.515
ministers,0.425,0.39
Conference,0.646,0.539
Science,0.491,0.434
Technology,0.59,0.556
Commissioner,0.403,0.362
John,0.162,0.125
alert,0.321,0.303
following,0.404,0.333
situation,0.203,0.203
presence,0.574,0.484
fighting,0.238,0.233
sides,0.32,0.307
continued,0.355,0.36
west,0.277,0.248
Society,0.38,0.356
hosts,0.366,0.345
Christmas,0.263,0.264
Bird,0.844,0.787
Count,0.668,0.666
listed,0.462,0.488
rules,0.237,0.256
participate,0.263,0.294
Web,0.256,0.241
Southwest,0.298,0.335
cash,0.286,0.328
capacity,0.265,0.239
damage,0.689,0.675
flow,0.269,0.311
belief,0.574,0.558
often,0.255,0.244
executives,0.367,0.347
net,0.505,0.451
income,0.624,0.617
`,0.249,0.272
consideration,0.484,0.522
poll,0.299,0.26
showed,0.591,0.513
mayor,0.252,0.271
boost,0.557,0.53
GOP,0.349,0.299
opponent,0.297,0.389
re,0.465,0.427
election,0.193,0.134
Most,0.522,0.515
list,0.229,0.192
Smith,0.401,0.419
died,0.256,0.278
name,0.204,0.215
originally,0.365,0.313
computer,0.195,0.205
file,0.659,0.698
contain,0.493,0.438
Thank,0.64,0.644
You,0.335,0.345
Re,0.379,0.349
Movie,0.491,0.452
data,0.259,0.239
Sony,0.399,0.417
Philips,0.557,0.608
Samsung,0.64,0.571
Sharp,0.451,0.448
Is,0.343,0.289
food,0.34,0.326
David,0.242,0.255
communication,0.357,0.316
Center,0.433,0.398
Analysis,0.682,0.649
zero,0.491,0.515
match,0.346,0.361
1999,0.349,0.407
sleeping,0.33,0.322
occasionally,0.452,0.367
ex,0.284,0.246
Michael,0.255,0.253
hand,0.317,0.364
welcome,0.308,0.329
hear,0.276,0.316
appeals,0.549,0.546
block,0.409,0.414
removal,0.357,0.397
lawmakers,0.536,0.577
committee,0.311,0.283
Four,0.226,0.251
Windows,0.34,0.412
affects,0.379,0.37
Seven,0.497,0.471
drinking,0.292,0.284
hotel,0.295,0.231
young,0.25,0.34
women,0.212,0.219
18,0.279,0.286
male,0.375,0.301
caught,0.55,0.476
female,0.252,0.31
teens,0.383,0.372
recovery,0.279,0.277
rising,0.527,0.5
put,0.2,0.216
matter,0.339,0.358
U.N.,0.239,0.234
river,0.333,0.331
starts,0.438,0.394
camp,0.445,0.424
religious,0.283,0.291
events,0.3,0.327
single,0.268,0.231
currency,0.535,0.482
pick,0.415,0.405
speed,0.232,0.204
below,0.268,0.239
break,0.271,0.229
adding,0.321,0.294
moved,0.507,0.461
Italy,0.248,0.242
Intel,0.374,0.36
Business,0.264,0.258
owns,0.603,0.7
locked,0.658,0.641
increased,0.42,0.398
less,0.266,0.228
social,0.308,0.31
economic,0.193,0.167
conditions,0.25,0.241
pre,0.504,0.445
7,0.307,0.278
little,0.285,0.255
relief,0.308,0.287
trick,0.312,0.318
major,0.295,0.284
Siemens,0.666,0.689
Dell,0.618,0.51
advantage,0.385,0.373
players,0.361,0.322
flu,0.314,0.305
bit,0.216,0.246
played,0.41,0.398
games,0.49,0.378
Cup,0.37,0.258
Year,0.451,0.453
Will,0.372,0.37
Rock,0.369,0.42
George,0.431,0.375
sexual,0.23,0.272
revolution,0.518,0.459
Bryant,0.281,0.288
completely,0.262,0.236
advance,0.334,0.298
Oct.,0.334,0.348
Jail,0.551,0.524
psychiatric,0.402,0.445
treatment,0.415,0.459
facility,0.244,0.257
trapped,0.33,0.297
particles,0.622,0.679
designed,0.331,0.366
gather,0.48,0.479
Nine,0.455,0.41
sound,0.25,0.263
expert,0.261,0.287
aims,0.582,0.591
suspicion,0.385,0.349
crisis,0.33,0.329
pounds,0.555,0.439
weight,0.294,0.262
8,0.251,0.24
judged,0.846,0.705
implement,0.447,0.371
standard,0.24,0.215
provide,0.21,0.233
applications,0.613,0.571
Bloomberg,0.25,0.245
NYC,0.285,0.281
try,0.148,0.138
march,0.219,0.27
different,0.222,0.234
seemed,0.372,0.352
similar,0.41,0.347
Qaida,0.368,0.423
drop,0.302,0.301
falling,0.362,0.36
boy,0.12,0.123
clothes,0.4,0.419
August,0.319,0.338
boys,0.249,0.281
staff,0.266,0.25
very,0.189,0.166
sorry,0.223,0.232
standards,0.374,0.441
lot,0.311,0.276
energy,0.337,0.314
improving,0.335,0.307
rescue,0.352,0.398
debris,0.461,0.449
survivors,0.274,0.303
Iran,0.174,0.194
shattered,0.593,0.653
violent,0.304,0.306
earthquake,0.298,0.272
internal,0.409,0.389
remaining,0.505,0.486
fire,0.317,0.25
wall,0.226,0.186
making,0.153,0.113
consumer,0.444,0.403
confidence,0.539,0.545
change,0.196,0.195
politician,0.297,0.293
condition,0.384,0.334
clear,0.245,0.242
message,0.262,0.23
35,0.253,0.224
road,0.341,0.316
impossible,0.626,0.549
meat,0.269,0.288
butter,0.315,0.315
cheese,0.307,0.292
Cold,0.459,0.424
includes,0.513,0.501
stereo,0.529,0.495
audio,0.548,0.599
dual,0.433,0.544
contains,0.353,0.346
platform,0.477,0.531
processor,0.478,0.395
Dick,0.56,0.508
candidate,0.594,0.554
good,0.203,0.18
trust,0.334,0.333
leave,0.238,0.213
receive,0.332,0.332
delivery,0.418,0.4
global,0.193,0.196
equipment,0.316,0.35
120,0.355,0.296
compared,0.651,0.618
High,0.313,0.304
Now,0.445,0.352
wake,0.651,0.556
disaster,0.283,0.218
wait,0.23,0.231
longer,0.406,0.392
With,0.298,0.224
61,0.601,0.583
William,0.652,0.619
Rogers,0.952,0.916
ambassador,0.498,0.49
large,0.165,0.148
suspended,0.546,0.516
justice,0.339,0.304
stands,0.175,0.174
brushing,0.646,0.677
levels,0.358,0.341
mid,0.344,0.34
arrest,0.269,0.266
attacked,0.461,0.422
result,0.319,0.304
third,0.199,0.169
Open,0.299,0.318
Those,0.406,0.356
spokeswoman,0.433,0.361
De,0.424,0.377
Hollywood,0.27,0.264
actor,0.613,0.612
response,0.198,0.163
Taiwan,0.378,0.365
attempted,0.446,0.441
affiliated,0.669,0.597
March,0.232,0.202
Geneva,0.378,0.346
28,0.273,0.244
Cancer,0.47,0.468
9,0.254,0.251
premiums,0.36,0.29
certain,0.348,0.326
outcome,0.381,0.344
moment,0.429,0.407
voted,0.437,0.362
must,0.186,0.163
pass,0.247,0.194
fund,0.526,0.503
contract,0.323,0.295
Against,0.305,0.33
Japanese,0.415,0.354
yen,0.376,0.328
procedure,0.45,0.436
generally,0.234,0.238
Also,0.67,0.498
Kids,0.577,0.527
preparing,0.447,0.44
grant,0.54,0.596
beach,0.187,0.151
54,0.55,0.497
attackers,0.573,0.551
behind,0.177,0.164
stop,0.21,0.205
nearly,0.3,0.25
Minister,0.189,0.176
Korea,0.156,0.172
flies,0.43,0.458
Japan,0.228,0.258
route,0.265,0.241
economy,0.212,0.21
potential,0.396,0.4
secondary,0.412,0.38
collapse,0.316,0.241
Gov.,0.421,0.393
garage,0.428,0.373
voters,0.347,0.342
identify,0.354,0.314
term,0.208,0.192
travel,0.254,0.222
mission,0.253,0.27
saw,0.292,0.219
server,0.386,0.408
elected,0.331,0.395
presidential,0.155,0.15
These,0.377,0.355
affect,0.182,0.186
existing,0.585,0.631
obviously,0.31,0.286
Young,0.379,0.341
safety,0.321,0.33
Revolution,0.507,0.459
follow,0.278,0.279
reach,0.176,0.172
wants,0.216,0.222
spread,0.308,0.352
surrounding,0.562,0.568
destroyed,0.478,0.471
firefighters,0.298,0.291
carrying,0.208,0.241
possession,0.309,0.347
debt,0.152,0.17
hole,0.395,0.459
hurting,0.548,0.519
helicopter,0.266,0.252
burst,0.551,0.58
upon,0.337,0.359
impact,0.311,0.243
Sheriff,0.385,0.403
allegations,0.433,0.319
criminal,0.308,0.334
conduct,0.615,0.66
think,0.157,0.141
relation,0.517,0.484
revenue,0.439,0.465
however,0.276,0.175
blacks,0.343,0.349
minority,0.456,0.484
choice,0.269,0.247
operational,0.466,0.442
"1,000",0.338,0.288
plant,0.18,0.151
built,0.278,0.288
judge,0.329,0.372
Philadelphia,0.312,0.281
opportunity,0.442,0.359
elect,0.424,0.379
great,0.273,0.231
looking,0.143,0.154
forward,0.224,0.233
really,0.173,0.21
liked,0.407,0.418
And,0.401,0.391
lines,0.291,0.321
37,0.343,0.308
75,0.513,0.392
high,0.185,0.153
businesses,0.297,0.286
intervention,0.233,0.228
volume,0.644,0.637
Real,0.61,0.609
scores,0.556,0.572
Missouri,0.372,0.341
credit,0.436,0.436
jump,0.272,0.248
Home,0.614,0.57
changed,0.362,0.337
busy,0.535,0.538
street,0.208,0.183
cutting,0.198,0.179
fence,0.149,0.168
inmates,0.284,0.293
me,0.126,0.12
threw,0.375,0.419
ground,0.329,0.266
officers,0.214,0.223
performing,0.328,0.327
Officials,0.545,0.559
26,0.368,0.323
without,0.15,0.191
hour,0.838,0.727
unveiled,0.535,0.509
Britain,0.272,0.256
Great,0.335,0.324
drink,0.576,0.493
tea,0.435,0.496
particularly,0.294,0.236
green,0.15,0.138
reduce,0.419,0.402
landmark,0.357,0.341
study,0.213,0.218
discovered,0.368,0.328
star,0.312,0.337
vote,0.224,0.171
46,0.474,0.4
go,0.111,0.111
issued,0.507,0.408
eastern,0.266,0.262
Pakistan,0.355,0.305
makes,0.175,0.152
Communications,0.864,0.831
Workers,0.361,0.355
package,0.496,0.493
annually,1.0,1.0
53,0.28,0.295
victory,0.368,0.337
gone,0.435,0.382
want,0.145,0.169
occupation,0.551,0.515
ask,0.179,0.151
request,0.354,0.335
October,0.495,0.518
student,0.297,0.326
priority,0.339,0.404
version,0.296,0.325
C,0.206,0.192
Worth,0.751,0.693
Stocks,0.476,0.398
profits,0.353,0.343
big,0.156,0.126
improvement,0.469,0.456
showing,0.232,0.212
urge,0.512,0.51
goal,0.285,0.311
topple,0.892,0.821
install,0.508,0.469
friendly,0.683,0.619
ultimate,0.671,0.606
approved,0.663,0.573
briefly,0.429,0.456
parts,0.311,0.292
grounds,0.278,0.264
terror,0.248,0.285
focus,0.407,0.394
Qaeda,0.387,0.423
southern,0.293,0.295
dump,0.571,0.589
Cleveland,0.366,0.371
known,0.304,0.238
reform,0.302,0.324
Islands,0.46,0.465
strengthen,0.46,0.494
institutions,0.357,0.445
confiscate,0.814,0.664
Our,0.467,0.433
climb,0.299,0.331
nightclub,0.331,0.317
crime,0.251,0.245
carries,0.506,0.571
life,0.167,0.178
sentence,0.281,0.293
sworn,0.299,0.241
friend,0.189,0.182
political,0.185,0.202
partner,0.402,0.467
Watch,0.377,0.324
Thirty,0.581,0.594
42,0.331,0.342
offering,0.409,0.336
Series,0.611,0.569
Five,0.308,0.242
winner,0.421,0.473
Lance,0.154,0.177
Armstrong,0.213,0.289
advice,0.293,0.321
survives,0.497,0.577
Anthony,0.411,0.388
Hope,0.442,0.432
pepper,0.479,0.458
spray,0.396,0.43
training,0.244,0.249
Common,0.816,0.801
effects,0.532,0.597
nose,0.297,0.312
throat,0.583,0.63
reduction,0.44,0.432
earn,0.76,0.807
Several,0.26,0.248
shots,0.447,0.426
barely,0.414,0.471
Grey,0.904,0.924
ways,0.402,0.362
communicate,0.593,0.545
Medicare,0.688,0.661
facing,0.457,0.414
strike,0.237,0.285
leaders,0.257,0.221
breaking,0.253,0.214
accusing,0.671,0.551
S.,0.601,0.58
interim,0.258,0.27
exchange,0.324,0.379
Next,0.413,0.373
position,0.264,0.324
measures,0.222,0.265
activity,0.4,0.313
sector,0.45,0.399
Arizona,0.393,0.388
non,0.202,0.216
manufacturing,0.293,0.301
Prime,0.214,0.183
Ariel,0.427,0.422
Palestinian,0.176,0.208
safe,0.268,0.239
assume,0.262,0.246
prepared,0.362,0.354
form,0.207,0.204
cap,0.391,0.426
32,0.525,0.484
38,0.3,0.268
Los,0.43,0.398
Angeles,0.408,0.391
Big,0.251,0.252
D,0.659,0.61
senior,0.297,0.335
vice,0.386,0.414
finance,0.372,0.349
fill,0.317,0.273
lead,0.339,0.306
decide,0.226,0.252
membership,0.534,0.492
adhere,0.365,0.34
East,0.36,0.318
flights,0.227,0.218
sky,0.371,0.321
domestic,0.338,0.349
Men,0.328,0.305
valid,0.436,0.471
recall,0.488,0.449
Mugabe,0.609,0.632
either,0.182,0.147
resign,0.423,0.371
Zimbabwe,0.385,0.419
Circuit,0.884,0.761
controversial,0.296,0.288
method,0.259,0.295
passes,0.252,0.269
enforce,0.388,0.424
Netherlands,0.471,0.409
cemetery,0.705,0.767
Powell,0.28,0.245
present,0.629,0.569
everything,0.352,0.297
power,0.247,0.275
quickly,0.208,0.211
Kennedy,0.322,0.317
strong,0.398,0.408
book,0.282,0.265
journal,0.393,0.35
united,0.305,0.263
summit,0.613,0.564
Syria,0.237,0.196
express,0.612,0.615
binding,0.71,0.67
performance,0.31,0.334
students,0.214,0.23
various,0.319,0.316
Child,0.659,0.618
onto,0.17,0.171
needs,0.412,0.413
trumpet,0.619,0.637
dangerous,0.318,0.329
disputed,0.394,0.413
Her,0.343,0.331
offered,0.395,0.358
tell,0.244,0.272
story,0.117,0.125
TV,0.175,0.207
violence,0.221,0.261
Baghdad,0.285,0.291
hurt,0.344,0.311
oppose,0.243,0.29
concentrate,0.539,0.605
names,0.258,0.268
creating,0.434,0.492
negotiations,0.479,0.48
loans,0.716,0.681
lack,0.285,0.255
management,0.376,0.364
meets,0.275,0.25
target,0.274,0.27
sign,0.351,0.34
resolve,0.626,0.558
Legal,0.636,0.571
prisoners,0.34,0.303
organization,0.241,0.221
1990,0.744,0.753
Military,0.306,0.284
Point,0.6,0.554
involvement,0.504,0.484
supported,0.326,0.305
northeast,0.551,0.593
humans,0.273,0.274
animals,0.209,0.224
Health,0.193,0.209
Direct,0.941,0.937
Veteran,0.823,0.784
floating,0.53,0.569
flight,0.271,0.306
deck,0.448,0.427
covering,0.482,0.443
ship,0.187,0.167
carrier,0.417,0.36
m,0.299,0.296
citizens,0.262,0.32
victim,0.273,0.276
light,0.208,0.184
quotes,0.415,0.482
Northwest,0.521,0.501
College,0.394,0.34
God,0.3,0.309
bachelor,0.461,0.467
91,0.796,0.61
Best,0.456,0.448
Ten,0.525,0.5
delivering,0.732,0.745
missile,0.161,0.154
armed,0.338,0.333
delivered,0.46,0.506
Your,0.398,0.412
withdrawal,0.306,0.302
happens,0.423,0.406
tomorrow,0.29,0.272
voice,0.341,0.429
Government,0.291,0.236
manager,0.472,0.456
eye,0.438,0.441
piece,0.329,0.306
obtain,0.345,0.368
signs,0.322,0.324
Other,0.751,0.786
above,0.256,0.254
116,0.61,0.607
gay,0.237,0.256
Nobel,0.421,0.351
Russian,0.168,0.171
Oil,0.382,0.416
Russia,0.267,0.259
cold,0.299,0.313
94,0.545,0.417
joint,0.42,0.343
straight,0.477,0.449
sun,0.307,0.296
Yesterday,0.537,0.643
filed,0.546,0.536
reduced,0.982,0.982
Robin,0.591,0.595
private,0.385,0.376
post,0.217,0.141
England,0.206,0.241
airline,0.377,0.366
protection,0.301,0.302
active,0.412,0.42
Gonzales,0.451,0.494
pulled,0.366,0.396
train,0.203,0.189
laid,0.735,0.732
beside,0.152,0.169
tracks,0.22,0.182
brought,0.495,0.433
wooden,0.156,0.19
custody,0.626,0.62
engaged,0.464,0.431
wins,0.22,0.179
loses,0.386,0.295
heard,0.307,0.333
Leaving,0.566,0.521
aside,0.437,0.513
entrance,0.46,0.468
access,0.302,0.294
suggest,0.229,0.207
living,0.445,0.382
unemployment,0.474,0.507
signal,0.696,0.762
fourth,0.308,0.326
Venezuela,0.24,0.264
250,0.334,0.28
stated,0.104,0.084
material,0.303,0.245
terrorist,0.378,0.343
Prince,0.301,0.338
greater,0.266,0.237
play,0.189,0.173
conclude,0.663,0.604
competition,0.337,0.39
formally,0.576,0.456
followed,0.428,0.419
Strong,0.448,0.493
satisfactory,1.0,1.0
Marsh,0.441,0.458
29,0.296,0.234
multiple,0.457,0.399
false,0.311,0.346
statements,0.569,0.558
college,0.262,0.234
Paul,0.336,0.293
speech,0.287,0.265
microphone,0.409,0.365
brief,0.268,0.271
basketball,0.381,0.391
career,0.421,0.425
flag,0.286,0.239
effect,0.252,0.257
Capitol,0.397,0.345
evacuated,0.415,0.425
wing,0.418,0.381
compensation,0.464,0.399
0,0.442,0.393
futures,0.528,0.568
Mad,0.486,0.483
expensive,0.556,0.51
alternative,0.494,0.497
reverse,0.371,0.391
benefits,0.333,0.331
gains,0.431,0.444
heavy,0.327,0.347
0.11,1.0,0.999
changing,0.318,0.33
player,0.22,0.186
corruption,0.376,0.285
II,0.589,0.589
always,0.176,0.175
speak,0.231,0.185
anyone,0.304,0.302
necessary,0.418,0.429
divisive,0.536,0.51
wrote,0.325,0.271
universe,0.335,0.394
robbery,0.657,0.618
enter,0.27,0.22
plea,0.541,0.553
CNN,0.18,0.201
leaving,0.32,0.324
ratings,0.584,0.597
suspected,0.384,0.331
Fire,0.286,0.308
Ortega,0.519,0.55
club,0.351,0.353
infected,0.456,0.45
hopes,0.431,0.395
perhaps,0.468,0.345
elections,0.309,0.24
admits,0.352,0.377
driver,0.432,0.424
wanted,0.462,0.517
parking,0.398,0.39
paid,0.391,0.393
black,0.173,0.17
experience,0.199,0.232
relationship,0.243,0.274
party,0.218,0.209
mental,0.27,0.282
guard,0.496,0.502
Mediterranean,0.648,0.586
Sea,0.758,0.597
gap,0.447,0.334
feeling,0.238,0.281
concerned,0.565,0.561
Cross,0.61,0.57
box,0.492,0.503
Jackson,0.489,0.4
Time,0.3,0.298
Person,0.579,0.622
bell,0.518,0.485
weak,0.354,0.355
attended,0.67,0.629
meetings,0.519,0.452
fellow,0.374,0.37
Bangkok,0.399,0.334
coordinating,1.0,1.0
Care,0.341,0.309
give,0.156,0.119
proposed,0.441,0.403
Among,0.579,0.574
things,0.145,0.143
Texans,0.428,0.457
finally,0.618,0.693
Relief,0.479,0.475
sight,0.765,0.701
running,0.201,0.145
seat,0.336,0.295
rain,0.425,0.431
fuel,0.448,0.479
value,0.324,0.366
purse,0.465,0.428
buying,0.386,0.445
Millions,0.815,0.811
believes,0.563,0.566
draft,0.388,0.421
short,0.274,0.272
worse,0.356,0.362
Belgian,0.419,0.423
specified,0.399,0.422
Until,0.718,0.726
limited,0.415,0.354
threat,0.378,0.296
source,0.257,0.205
assistance,0.238,0.247
decisions,0.322,0.332
double,0.346,0.3
resources,0.262,0.256
aware,0.249,0.203
counter,0.434,0.446
realize,0.66,0.599
course,0.32,0.268
victims,0.358,0.292
movie,0.235,0.239
aggressive,0.395,0.413
treating,0.608,0.618
feature,0.317,0.311
mentally,0.464,0.524
arrives,0.384,0.282
fiscal,0.451,0.423
drag,0.703,0.655
beyond,0.268,0.319
damages,0.373,0.335
gang,0.195,0.197
ring,0.334,0.404
stroke,0.556,0.587
learned,0.374,0.355
Jodie,0.639,0.56
D.C.,0.494,0.502
society,0.416,0.409
scientists,0.388,0.383
bail,0.398,0.397
confusion,0.512,0.49
intended,0.476,0.456
achieve,0.666,0.577
Named,0.604,0.585
A.,0.587,0.607
reject,0.339,0.283
policies,0.414,0.412
filing,0.55,0.512
instrument,0.35,0.299
marriage,0.345,0.226
hold,0.204,0.185
questioned,0.489,0.397
respect,0.547,0.541
assault,0.36,0.366
explosion,0.425,0.398
event,0.272,0.263
car,0.215,0.198
south,0.169,0.162
dirty,0.308,0.286
N.,0.319,0.269
appointed,0.588,0.49
Conner,0.594,0.578
detailed,0.706,0.742
trunk,0.436,0.425
dark,0.368,0.392
parents,0.37,0.402
Parents,0.655,0.605
losing,0.311,0.381
amid,0.237,0.201
criticism,0.385,0.382
ice,0.272,0.204
rocky,0.305,0.373
floor,0.244,0.184
pull,0.389,0.389
jobs,0.288,0.33
shut,0.265,0.265
outline,0.482,0.524
23,0.26,0.241
compensatory,0.913,0.903
sway,0.594,0.644
option,0.342,0.371
shown,0.361,0.325
strikes,0.243,0.257
trafficking,0.19,0.155
mostly,0.297,0.263
tennis,0.38,0.37
subject,0.242,0.266
save,0.374,0.449
opportunities,0.583,0.591
faced,0.576,0.542
Niger,0.389,0.468
setting,0.353,0.321
Not,0.33,0.313
flat,0.415,0.417
Singapore,0.468,0.453
parked,0.237,0.155
Tom,0.402,0.446
pill,0.386,0.398
lowering,0.564,0.631
drugs,0.208,0.208
ingredients,0.411,0.4
drive,0.3,0.268
doing,0.321,0.305
How,0.303,0.273
retain,0.505,0.463
seen,0.28,0.296
giant,0.549,0.597
vegetable,0.59,0.674
Berlusconi,0.516,0.523
German,0.274,0.265
Nazi,0.595,0.64
Parliament,0.225,0.226
Update,0.471,0.47
tool,0.28,0.259
update,0.451,0.457
deployment,0.576,0.504
calling,0.218,0.23
refer,0.489,0.546
question,0.145,0.155
ease,0.447,0.39
structure,0.267,0.282
station,0.231,0.19
engineering,0.463,0.456
strategy,0.341,0.32
creation,0.373,0.419
technical,0.368,0.352
bankruptcy,0.33,0.37
massive,0.36,0.324
portions,0.455,0.515
son,0.255,0.245
approval,0.445,0.502
unions,0.232,0.264
clubs,0.453,0.398
simultaneously,1.0,1.0
cover,0.213,0.221
Above,0.911,0.841
responsible,0.221,0.197
Combat,0.615,0.657
returning,0.531,0.551
division,0.446,0.484
spend,0.482,0.472
pet,0.319,0.318
shop,0.43,0.315
rat,0.603,0.598
causes,0.259,0.349
pain,0.426,0.454
extreme,0.339,0.347
orders,0.278,0.292
serving,0.311,0.331
wound,0.542,0.556
Hospitals,0.396,0.418
user,0.442,0.435
minimum,0.376,0.312
riding,0.224,0.23
bicycle,0.196,0.21
bike,0.24,0.22
dancing,0.208,0.224
Someone,0.211,0.225
kissing,0.532,0.519
talking,0.211,0.216
slicing,0.202,0.179
onion,0.29,0.281
peeling,0.383,0.297
shrimp,0.229,0.237
broccoli,0.581,0.57
guitar,0.226,0.23
small,0.174,0.208
baby,0.206,0.209
potato,0.289,0.234
tomato,0.532,0.493
laying,0.205,0.161
bed,0.232,0.199
football,0.224,0.198
girl,0.139,0.136
kid,0.252,0.254
child,0.238,0.242
keyboard,0.367,0.308
toy,0.191,0.165
flute,0.383,0.383
opens,0.391,0.423
climbs,0.643,0.571
climbing,0.395,0.385
frying,0.415,0.441
dicing,0.492,0.421
singing,0.357,0.329
horse,0.219,0.213
ceiling,0.324,0.342
electric,0.881,0.884
slices,0.58,0.572
knife,0.321,0.237
onions,0.412,0.325
holding,0.144,0.133
piano,0.253,0.244
couch,0.243,0.238
cucumber,0.488,0.443
kitten,0.362,0.39
rope,0.169,0.167
barking,0.369,0.359
tortilla,0.536,0.572
milk,0.445,0.46
walking,0.166,0.131
cow,0.152,0.167
grass,0.157,0.146
hay,0.324,0.32
chopping,0.209,0.235
garlic,0.242,0.252
glasses,0.216,0.195
puts,0.314,0.34
sunglasses,0.381,0.425
carrot,0.357,0.358
table,0.137,0.149
boiling,0.47,0.472
pot,0.295,0.245
cooking,0.368,0.336
pan,0.363,0.318
smoking,0.6,0.552
mixing,0.402,0.361
drums,0.574,0.568
dives,0.615,0.605
pool,0.25,0.188
diving,0.464,0.415
leak,0.462,0.492
swimming,0.532,0.509
hair,0.238,0.229
machine,0.407,0.376
girls,0.211,0.22
talk,0.262,0.287
log,0.345,0.365
tree,0.291,0.24
bear,0.279,0.295
towards,0.196,0.201
chasing,0.352,0.292
pieces,0.328,0.295
pouring,0.276,0.314
ball,0.163,0.157
fish,0.156,0.176
violin,0.418,0.47
bicycles,0.358,0.317
motorcycle,0.249,0.251
rice,0.271,0.325
pasture,0.295,0.239
pen,0.267,0.272
jumps,0.195,0.174
jumping,0.211,0.124
woods,0.255,0.268
wood,0.246,0.225
squeezing,0.411,0.38
lemon,0.41,0.464
lemons,0.556,0.554
stairs,0.599,0.503
fishing,0.359,0.364
Woman,0.408,0.331
drives,0.427,0.392
pizza,0.487,0.43
picking,0.344,0.317
bread,0.45,0.44
eats,0.359,0.361
cracking,0.574,0.528
eggs,0.252,0.381
bowl,0.291,0.179
sword,0.556,0.473
plastic,0.193,0.255
bunch,0.303,0.267
bottles,0.274,0.271
writing,0.248,0.237
stirring,0.452,0.379
bath,0.322,0.33
Three,0.245,0.217
speaking,0.368,0.321
thinking,0.268,0.25
town,0.329,0.239
cuts,0.338,0.365
fruit,0.361,0.36
cage,0.453,0.416
camera,0.167,0.165
laughing,0.398,0.444
crawling,0.628,0.621
shoots,0.455,0.466
rides,0.315,0.291
wind,0.259,0.263
bottle,0.338,0.276
breaks,0.338,0.351
banana,0.637,0.542
apple,0.482,0.512
monkey,0.399,0.431
puppy,0.285,0.247
tub,0.745,0.683
band,0.466,0.478
golf,0.452,0.393
swings,0.644,0.669
fan,0.287,0.31
guy,0.324,0.322
removing,0.393,0.303
reading,0.283,0.302
bull,0.302,0.353
washing,0.7,0.754
bathing,0.7,0.751
crashes,0.258,0.262
mouse,0.386,0.381
snake,0.353,0.376
feeding,0.229,0.234
pours,0.438,0.401
lady,0.314,0.347
window,0.255,0.212
firing,0.793,0.789
rifle,0.611,0.517
skateboarder,0.318,0.301
tricks,0.367,0.349
pipe,0.393,0.378
hat,0.147,0.204
upside,0.411,0.393
shopping,0.462,0.425
seasoning,0.449,0.432
swinging,0.334,0.288
deer,0.448,0.411
dances,0.506,0.424
sitting,0.22,0.209
lion,0.545,0.571
tries,0.386,0.46
cleaning,0.508,0.501
scooter,0.56,0.541
flowers,0.327,0.304
stone,0.367,0.383
path,0.306,0.229
sidewalk,0.201,0.206
lifting,0.376,0.435
weights,0.531,0.542
licking,0.398,0.403
dish,0.417,0.437
kicking,0.451,0.414
soccer,0.325,0.312
applying,0.403,0.402
plate,0.462,0.368
shaking,0.301,0.28
airplane,0.214,0.193
moves,0.433,0.423
runway,0.399,0.341
lying,0.257,0.295
lawn,0.502,0.439
makeup,0.342,0.356
rowing,0.409,0.348
boat,0.169,0.179
bag,0.31,0.251
staring,0.597,0.537
placing,0.484,0.489
container,0.406,0.441
cake,0.482,0.487
ginger,0.533,0.551
van,0.507,0.54
orange,0.157,0.179
bowling,0.308,0.381
egg,0.24,0.252
cook,0.459,0.478
shadow,0.602,0.575
pots,0.433,0.419
desert,0.748,0.569
tiger,0.325,0.383
duck,0.299,0.288
flour,0.373,0.343
white,0.176,0.128
perched,0.247,0.172
lifts,0.727,0.687
ocean,0.313,0.254
waves,0.416,0.389
uses,0.497,0.63
kitchen,0.282,0.325
hanging,0.287,0.295
tying,0.765,0.74
teams,0.447,0.488
arms,0.26,0.245
sink,0.389,0.324
branch,0.262,0.254
trampoline,0.32,0.25
folding,0.632,0.655
square,0.408,0.418
panda,0.504,0.533
chewing,0.632,0.463
stick,0.257,0.176
freeze,0.508,0.512
moon,0.344,0.331
mud,0.424,0.396
edge,0.39,0.416
throwing,0.293,0.291
sheet,0.368,0.381
gate,0.588,0.505
wheel,0.264,0.232
paws,0.426,0.355
red,0.136,0.166
sings,0.493,0.494
pink,0.186,0.221
petting,0.563,0.596
live,0.227,0.226
karate,0.439,0.395
seeds,0.38,0.366
takes,0.15,0.121
closes,0.283,0.256
metal,0.224,0.28
leaves,0.343,0.278
feet,0.609,0.457
bird,0.202,0.186
glass,0.351,0.384
containing,0.303,0.278
liquid,0.167,0.203
places,0.536,0.593
slow,0.348,0.346
skin,0.353,0.298
wearing,0.198,0.151
blocks,0.603,0.628
 ,0.111,0.111
batter,0.465,0.419
fly,0.412,0.447
carpet,0.405,0.438
jet,0.325,0.347
flying,0.223,0.185
flower,0.307,0.304
cream,0.744,0.783
leather,0.291,0.315
garden,0.412,0.443
pushes,0.452,0.472
couple,0.335,0.314
gets,0.248,0.224
substance,0.579,0.539
freezer,0.321,0.32
ups,0.499,0.505
applied,0.507,0.45
drinks,0.484,0.482
kids,0.231,0.278
pictures,0.522,0.474
falls,0.275,0.266
sand,0.281,0.222
catching,0.337,0.279
lake,0.239,0.199
skating,0.4,0.368
suit,0.269,0.292
eyes,0.339,0.339
ties,0.292,0.315
mixed,0.31,0.336
legs,0.321,0.293
forth,0.567,0.505
toddler,0.401,0.402
rises,0.274,0.219
sunset,0.533,0.465
laptop,0.314,0.324
cracks,0.538,0.579
yard,0.301,0.225
pulls,0.492,0.476
pulling,0.28,0.292
hill,0.261,0.229
colored,0.24,0.308
inflatable,0.392,0.441
object,0.36,0.289
picture,0.352,0.282
gloved,0.674,0.54
skateboard,0.275,0.242
draws,0.31,0.342
swing,0.373,0.363
Nigeria,0.407,0.373
Chevron,0.509,0.589
Ijaw,0.772,0.72
instigating,0.908,0.789
paying,1.0,1.0
Nigerian,0.509,0.547
protesters,0.308,0.318
Warri,0.875,0.87
naval,0.55,0.458
whole,0.232,0.219
demonstrators,0.515,0.453
herd,0.895,0.868
slaughter,0.792,0.804
seem,0.521,0.544
principle,0.365,0.309
implemented,0.745,0.731
combat,0.476,0.498
phenomenon,0.418,0.399
Unfortunately,0.955,0.833
objective,0.565,0.614
Constitution,0.465,0.448
precisely,0.526,0.615
opposite,0.46,0.474
approve,0.505,0.505
arbitrarily,0.536,0.577
constitution,0.519,0.528
defining,0.652,0.67
characteristic,0.605,0.58
tyranny,0.725,0.571
draw,0.622,0.569
definition,0.309,0.334
means,0.261,0.266
equitable,0.693,0.944
definitions,0.479,0.42
Member,0.211,0.201
perfectly,0.586,0.593
Indeed,0.596,0.4
fair,0.306,0.312
sufficient,0.495,0.549
wish,0.242,0.249
honestly,0.845,0.892
fact,0.372,0.329
genuinely,0.567,0.58
activate,0.465,0.604
coordinate,0.604,0.466
centres,0.542,0.529
excellence,0.42,0.44
regions,1.0,1.0
coordination,0.52,0.569
stand,0.28,0.306
Tunisian,0.432,0.472
opposition,0.206,0.21
denies,0.538,0.448
opponents,0.522,0.517
direction,0.388,0.364
striving,0.712,0.731
provisional,0.707,0.803
judicial,0.529,0.531
heading,1.0,0.999
funding,0.518,0.543
mine,0.638,0.613
clearance,0.525,0.483
prevention,0.685,0.558
programmes,0.454,0.47
instance,0.586,0.617
levied,0.966,0.953
supplier,0.68,0.673
recipient,0.689,0.494
example,0.378,0.315
Community,0.604,0.536
Clearly,0.622,0.766
explanations,1.0,1.0
incidence,0.578,0.52
BSE,0.849,0.853
determine,0.411,0.365
stress,0.662,0.71
regulate,0.694,0.663
unrestricted,0.515,0.334
limits,0.758,0.686
ladies,0.481,0.425
gentlemen,0.335,0.438
resolution,0.433,0.476
Members,0.479,0.465
intervene,0.4,0.444
text,0.586,0.612
incorporation,0.693,0.699
Charter,0.593,0.547
Fundamental,0.793,0.702
Rights,0.338,0.332
eventual,0.439,0.452
Treaty,0.531,0.514
Nice,0.453,0.472
fundamental,0.431,0.443
future,0.371,0.292
treaty,0.176,0.185
adopted,0.564,0.608
affairs,0.62,0.569
peacefully,1.0,1.0
bound,0.598,0.575
activities,0.399,0.402
generating,0.767,0.714
peaceful,0.347,0.326
links,0.402,0.423
Spain,0.411,0.371
done,0.381,0.386
magnificent,0.689,0.876
neighbourly,0.702,0.866
Morocco,0.972,0.949
remarkably,0.775,0.759
existed,0.589,0.706
French,0.448,0.343
Presidency,0.366,0.349
utmost,0.9,0.879
overcome,0.506,0.547
divide,0.432,0.783
extremely,0.417,0.424
destructive,0.605,0.588
bridge,0.832,0.813
influence,0.524,0.507
democracies,0.43,0.447
restriction,0.927,0.9
veto,0.561,0.519
Mrs,0.777,0.785
Lalumière,0.702,0.668
s,0.364,0.344
clearly,0.398,0.339
worded,0.815,0.522
shall,0.496,0.59
formulated,0.796,0.75
sense,0.212,0.238
Human,0.652,0.642
wealth,0.674,0.687
forms,0.429,0.406
supervision,1.0,1.0
Just,0.467,0.451
solid,0.488,0.494
Prague,0.659,0.707
respond,0.468,0.55
ensure,0.48,0.614
legacy,0.874,0.958
nationalist,0.505,0.449
era,0.58,0.522
consigned,0.641,0.739
invitation,0.63,0.544
relics,0.64,0.646
abandoned,0.6,0.469
ideas,0.433,0.45
maintain,0.683,0.745
enlargement,0.559,0.558
Firstly,0.704,0.583
simplification,0.509,0.58
clarification,0.535,0.644
Treaties,0.685,0.672
Without,0.762,0.737
rate,0.231,0.234
bad,0.26,0.223
totally,0.317,0.297
worst,0.548,0.541
distant,0.389,0.417
desperation,0.636,0.718
accepted,0.467,0.42
necessity,0.81,0.796
supporting,0.404,0.415
vital,0.935,0.886
kind,0.316,0.321
Indonesia,0.376,0.374
deeds,0.543,0.695
merely,0.692,0.592
advocated,1.0,0.998
rapporteur,0.784,0.787
shared,0.954,0.867
Party,0.588,0.521
defended,0.561,0.603
define,0.626,0.564
Whilst,0.533,0.795
employment,0.545,0.605
fisheries,1.0,1.0
sidelines,0.642,0.615
Lastly,0.743,0.745
controversially,0.71,0.543
strongly,0.502,0.467
Finally,0.415,0.367
strengthening,0.694,0.72
150,0.485,0.49
grams,0.784,0.767
distribution,0.486,0.526
bounds,0.564,0.601
allows,0.265,0.235
Gayssot,0.753,0.831
Greek,0.374,0.338
ships,0.436,0.461
sunk,0.703,0.704
storms,1.0,1.0
vicinity,1.0,1.0
seize,0.604,0.502
spends,0.514,0.658
GDP,0.468,0.496
administered,0.902,0.916
managed,0.797,0.751
UK,0.223,0.267
Labour,0.549,0.53
PES,0.541,0.823
adoption,0.92,0.914
contribution,0.678,0.637
IGC,0.407,0.418
reinforced,0.763,0.761
endorsing,1.0,1.0
objectives,0.705,0.627
ones,0.473,0.474
touchstone,0.709,0.735
proposals,0.431,0.45
submitted,0.768,0.767
accession,0.767,0.791
hence,1.0,1.0
therefore,0.349,0.377
serious,0.26,0.277
reservations,0.422,0.443
concept,0.349,0.3
recognition,0.616,0.551
regulation,0.533,0.505
expresses,0.516,0.581
steps,0.274,0.294
demonstrate,0.526,0.499
consider,0.301,0.289
representative,0.426,0.441
illicit,0.495,0.523
decent,0.434,0.405
undeclared,0.605,0.671
e.g.,0.46,0.376
unlikely,0.999,0.997
universal,0.678,0.602
provision,0.805,0.741
ploughed,0.769,0.663
maintenance,0.349,0.344
disagreeable,0.525,0.801
WTO,0.71,0.657
gratifying,0.997,0.949
succeeded,0.693,0.557
producing,0.736,0.699
majority,0.371,0.364
favour,0.608,0.585
openness,0.425,0.352
transparency,0.786,0.689
aim,0.812,0.782
review,0.716,0.677
improvements,0.754,0.467
urgent,0.465,0.464
Himara,0.771,0.779
promote,0.287,0.421
democratisation,0.543,0.57
Albania,0.425,0.425
incidents,0.542,0.576
imperative,0.436,0.475
pillar,0.694,0.694
devoted,0.999,0.99
reinforces,0.883,0.856
integrated,0.687,0.712
approach,0.366,0.404
equality,0.761,0.759
gender,0.424,0.483
mainstreaming,0.46,0.477
specific,0.272,0.311
limit,0.481,0.459
exist,0.243,0.219
Knowledge,0.438,0.669
languages,0.301,0.322
precursor,0.511,0.735
mobility,0.401,0.412
recognised,0.668,0.695
knowledge,0.59,0.572
lesson,0.55,0.555
maritime,0.561,0.562
shambles,0.755,0.673
learn,0.231,0.2
forced,0.91,0.829
chaos,0.856,0.796
task,0.243,0.233
sort,0.455,0.515
previous,0.406,0.413
restructured,0.492,0.548
scrapped,0.849,0.988
Equality,0.78,0.958
presidency,0.387,0.427
dismantled,0.568,0.67
popular,0.345,0.285
benefit,0.404,0.346
oral,0.875,0.801
amendment,0.711,0.675
ES,0.696,0.604
essential,0.568,0.501
construction,0.816,0.753
continent,0.466,0.381
plain,0.423,0.419
Burma,0.556,0.629
thanks,0.451,0.447
Madam,0.732,0.808
your,0.106,0.146
warm,0.647,0.644
reception,0.791,0.764
thank,0.629,0.696
mess,0.441,0.433
order,0.354,0.251
Secondly,0.807,0.693
bang,0.419,0.427
idea,0.239,0.199
incorporating,1.0,1.0
militate,0.887,0.53
merits,0.766,0.648
contradiction,0.697,0.693
admission,0.521,0.527
odds,0.533,0.464
agree,0.282,0.284
freedom,0.316,0.315
movement,0.275,0.242
Worst,0.998,0.992
judgment,0.675,0.651
comforting,1.0,1.0
nothing,0.296,0.239
existence,0.362,0.321
Auditors,0.634,0.548
recommendations,0.607,0.54
chapter,0.631,0.62
shameful,1.0,1.0
champion,0.325,0.333
modernised,0.376,0.349
practice,0.517,0.494
disgrace,0.686,0.596
modernisation,0.467,0.49
Slovakia,0.511,0.654
condemned,0.616,0.611
logical,0.572,0.588
join,0.311,0.401
Czech,0.737,0.655
Republic,0.426,0.304
wishes,0.47,0.464
intend,0.752,0.742
incorporate,0.466,0.631
destined,0.563,0.354
restrictive,0.779,0.81
provisions,0.907,0.916
tabled,0.666,0.694
amendments,0.476,0.475
especially,0.171,0.18
role,0.265,0.263
heavily,0.501,0.522
dependent,0.347,0.297
capital,0.276,0.229
Affairs,0.48,0.488
Internal,0.992,0.985
rightly,0.993,0.988
insists,0.617,0.644
upper,0.64,0.656
continues,0.271,0.239
refusal,0.736,0.772
Things,0.551,0.576
basic,0.665,0.627
goes,0.239,0.19
1996,0.605,0.551
accordance,0.486,0.567
listened,0.558,0.552
shows,0.218,0.18
solve,0.589,0.546
ever,0.214,0.208
closer,0.531,0.509
enjoy,0.489,0.456
Ireland,0.478,0.432
Exchequer,0.741,0.799
lorry,0.703,0.713
drivers,0.335,0.318
Given,0.782,0.736
interpretation,0.518,0.573
equally,0.58,0.841
recreational,0.771,0.746
consuming,0.518,0.518
affected,0.571,0.654
apply,0.505,0.495
récréationnelles,0.695,0.734
loan,0.434,0.423
funded,0.436,0.528
Applause,0.625,0.806
answered,0.283,0.307
considerably,0.786,0.734
represent,0.741,0.752
presented,0.515,0.44
allowing,0.318,0.302
Action,0.721,0.713
needed,0.468,0.41
item,0.59,0.518
agenda,0.504,0.506
avoided,0.737,0.723
budgetary,0.675,0.58
Article,0.532,0.51
272,0.463,0.408
perspective,0.491,0.521
maintained,0.646,0.695
flexibility,0.752,0.694
faint,1.0,1.0
hearted,0.454,0.653
quite,0.18,0.185
replied,0.924,0.911
entirely,0.62,0.575
improve,0.45,0.462
repeat,0.465,0.41
inescapable,0.533,0.822
effectiveness,0.721,0.627
poverty,0.439,0.503
underdevelopment,0.733,0.837
realities,0.59,0.698
efficiency,0.667,0.63
importance,0.805,0.758
curiously,0.892,0.743
attracted,0.886,0.628
attention,0.399,0.371
behalf,0.51,0.497
B5,0.642,0.604
0794/2000,0.549,0.578
Medina,0.499,0.444
Linkohr,0.659,0.559
Fava,0.538,0.448
Socialists,0.495,0.557
kidnap,0.716,0.731
Colombia,0.469,0.447
Spanish,0.394,0.47
Jesuit,0.432,0.599
guerillas,0.961,0.927
0794,0.706,0.698
practical,0.587,0.542
Either,0.665,0.66
accept,0.433,0.404
raises,0.406,0.437
Declarations,0.755,0.824
trace,1.0,0.999
proceeds,0.696,0.694
Approval,0.836,0.805
Minutes,0.617,0.648
reflect,0.411,0.437
Summit,0.523,0.485
resumed,0.923,0.826
stopped,0.395,0.339
Question,0.605,0.568
H-0886/00,0.999,0.996
asks,0.356,0.324
neighbourhood,0.455,0.492
affirmation,0.599,0.578
choices,0.408,0.365
presents,0.802,0.857
excellent,0.629,0.568
deciding,0.705,0.645
exemplary,0.518,0.447
Karamanou,0.667,0.73
Citizens,0.429,0.501
Freedoms,0.785,0.83
uncertainty,0.614,0.602
scientific,0.398,0.39
Feira,0.918,0.896
participating,0.378,0.388
Stabilisation,0.636,0.763
Process,1.0,1.0
applicants,0.63,0.506
quality,0.31,0.318
candidates,0.791,0.747
stabilisation,0.965,0.856
disorder,0.393,0.364
ourselves,0.477,0.46
Let,0.323,0.355
organise,0.546,0.614
knocking,0.411,0.438
fold,0.972,0.962
respectable,0.764,0.973
chance,0.361,0.362
prove,0.355,0.379
develop,0.34,0.367
Serbia,0.396,0.455
Montenegro,0.421,0.471
Yugoslavia,0.575,0.577
recognising,0.801,0.757
genuine,1.0,0.999
principles,0.71,0.648
democracy,0.741,0.744
Furthermore,0.873,0.907
democratic,0.518,0.55
Defence,0.999,0.997
Policy,0.604,0.691
Brok,0.641,0.616
comprehensive,0.923,0.78
García,0.832,0.766
Margallo,0.609,0.545
y,0.7,0.72
Marfil,0.655,0.672
taxation,0.913,0.866
commerce,0.429,0.358
concerns,0.383,0.381
remove,0.339,0.294
exchanges,0.898,0.857
vessels,0.493,0.419
struggle,0.278,0.256
consequences,0.38,0.429
foreigners,0.262,0.26
framework,0.43,0.462
required,0.521,0.544
satisfy,1.0,0.999
thus,0.321,0.333
kidnapping,0.367,0.364
carefully,0.643,0.634
ratio,0.473,0.451
borrowed,0.849,0.82
reason,0.239,0.248
conflict,0.257,0.251
failure,0.273,0.271
defined,0.323,0.31
welcomes,0.52,0.596
sets,0.298,0.269
alone,0.251,0.273
consequence,0.386,0.379
depend,0.384,0.411
shame,0.528,0.465
motion,0.276,0.273
organize,0.401,0.42
context,0.287,0.266
borders,0.344,0.319
voting,0.474,0.386
tie,0.395,0.396
Green,0.53,0.507
demands,0.369,0.297
regarding,0.326,0.435
Everyone,0.508,0.492
works,0.227,0.208
let,0.308,0.274
consumption,0.415,0.392
assertion,0.472,0.424
sea,0.289,0.268
temporary,0.223,0.239
indicate,0.453,0.406
language,0.172,0.143
frame,0.353,0.335
relative,0.401,0.31
injuries,0.524,0.514
Indian,0.209,0.21
jets,0.471,0.54
Deaths,0.429,0.383
Ukraine,0.239,0.251
Iranian,0.41,0.455
soft,0.343,0.372
turns,0.245,0.207
heat,0.269,0.281
gas,0.262,0.256
purpose,0.363,0.346
Philippines,0.348,0.307
Asian,0.329,0.336
Thailand,0.442,0.394
else,0.246,0.242
Front,0.432,0.415
Then,0.548,0.575
simple,0.225,0.201
REQUIREMENTS,0.652,0.63
asking,0.227,0.183
Where,0.357,0.307
OK,0.276,0.33
Originally,0.33,0.192
Posted,0.368,0.248
Imagine,0.997,0.989
NOT,0.296,0.337
yes,0.226,0.232
earth,0.292,0.277
Who,0.329,0.268
produce,0.415,0.499
appropriate,0.349,0.44
Blue,0.517,0.456
i,0.113,0.1
girlfriend,0.321,0.386
Zimmerman,0.296,0.335
teachers,0.364,0.378
Well,0.341,0.391
wear,0.374,0.369
ca,0.152,0.15
Matt,0.615,0.595
math,0.471,0.504
knew,0.374,0.348
Neener,0.623,0.454
Hi,0.486,0.422
hate,0.25,0.237
Jews,0.43,0.459
Why,0.43,0.376
mention,0.47,0.414
wonders,0.267,0.309
love,0.299,0.349
govt,0.368,0.37
Germany,0.347,0.301
Z,0.357,0.312
kill,0.201,0.22
morals,0.605,0.605
depends,0.287,0.287
ha,0.473,0.448
questions,0.226,0.224
guess,0.325,0.318
mean,0.199,0.185
Titanic,0.528,0.507
holds,0.283,0.311
Can,0.416,0.387
bottom,0.376,0.303
maybe,0.274,0.266
becomes,0.385,0.408
treat,0.287,0.3
nature,0.42,0.363
Could,0.529,0.585
Should,0.425,0.512
helpful,0.607,0.572
guest,0.453,0.43
birth,0.664,0.673
Any,0.615,0.577
grow,0.356,0.374
pressing,0.36,0.412
english,0.484,0.456
Chuck,0.533,0.481
Does,0.37,0.391
Do,0.538,0.505
Obama,0.155,0.186
Got,0.421,0.371
rid,0.769,0.772
pretty,0.185,0.183
Has,0.447,0.409
Form,0.693,0.648
Oh,0.478,0.402
stories,0.36,0.357
stupid,0.533,0.538
THE,0.252,0.274
nullification,0.592,0.611
fiction,0.403,0.43
alive,0.347,0.29
amazing,0.315,0.379
anything,0.173,0.192
Being,0.599,0.531
nukes,0.394,0.385
married,0.332,0.365
Shot,0.344,0.313
ok,0.463,0.407
spent,0.61,0.629
'd,0.15,0.155
responsibility,0.386,0.443
Again,0.449,0.459
nonsensical,0.999,0.989
rear,0.419,0.418
logic,0.321,0.342
baseball,0.241,0.219
title,0.318,0.285
Read,0.492,0.437
met,0.498,0.487
size,0.318,0.313
u,0.593,0.67
related,0.362,0.313
Or,0.472,0.33
electrical,0.354,0.408
iceberg,0.514,0.465
cooling,0.617,0.607
sovereign,0.657,0.622
Out,0.327,0.25
touch,0.482,0.474
Dutch,0.716,0.651
transaction,0.673,0.742
Did,0.509,0.532
bet,0.447,0.401
waters,0.407,0.357
Was,0.439,0.427
scene,0.409,0.403
mind,0.182,0.192
argument,0.247,0.243
explanation,0.367,0.404
reasoning,0.603,0.527
gotten,0.427,0.476
Stop,0.381,0.395
physical,0.165,0.183
stopping,0.532,0.614
nt,0.144,0.143
cows,0.265,0.261
Would,0.524,0.51
evil,0.371,0.387
prosperity,0.896,0.889
Jury,0.471,0.48
S,0.299,0.304
noise,0.581,0.499
page,0.369,0.374
Breathe,0.691,0.557
Move,0.591,0.5
conviction,0.759,0.708
declare,0.35,0.345
Russians,0.484,0.539
Damascus,0.291,0.269
Gas,0.346,0.316
hell,0.406,0.433
Put,0.56,0.552
Little,0.687,0.642
Love,0.683,0.721
definitely,0.341,0.375
quote,0.516,0.465
illness,0.434,0.42
Say,0.409,0.352
Genetic,0.783,0.755
Use,0.462,0.421
historical,0.417,0.402
Are,0.634,0.594
bought,0.52,0.476
rehabilitation,1.0,1.0
Charlie,0.597,0.562
written,0.313,0.312
factors,0.362,0.379
account,0.365,0.361
warming,0.353,0.393
controlled,0.249,0.271
observe,0.437,0.479
posts,0.561,0.627
Season,0.6,0.641
choose,0.52,0.395
Because,0.191,0.199
cargo,0.445,0.455
Trayvon,0.506,0.444
fault,0.453,0.325
riot,0.372,0.403
videos,0.558,0.516
duration,0.449,0.446
simply,0.328,0.363
instead,0.302,0.347
fix,0.543,0.568
pro,0.265,0.264
Muslims,0.33,0.395
theory,0.308,0.275
attached,0.416,0.51
seeing,0.362,0.279
Look,0.326,0.322
thread,0.338,0.366
violate,0.477,0.551
mask,0.596,0.625
proof,0.333,0.291
Philippine,0.327,0.282
direct,0.254,0.205
ideology,0.519,0.398
mexico,0.448,0.467
avoid,0.322,0.373
spain,0.633,0.569
rotating,0.405,0.444
osce,0.465,0.384
cfe,0.385,0.353
executed,0.418,0.423
heroin,0.503,0.489
destruction,0.457,0.298
russian,0.234,0.244
russia,0.2,0.196
nato,0.275,0.219
conventional,0.296,0.41
europe,0.445,0.391
parliament,0.249,0.256
suspend,0.607,0.649
participation,0.395,0.369
ratify,0.348,0.422
amended,0.525,0.493
withdraw,0.266,0.305
soviet,0.365,0.373
moldova,0.721,0.617
georgia,0.441,0.434
withdraws,0.504,0.598
center,0.224,0.224
2008,0.441,0.397
2009,0.556,0.537
north,0.156,0.141
traffickers,0.444,0.483
proliferation,0.308,0.223
bombing,0.298,0.27
afghanistan,0.271,0.232
intense,0.413,0.403
cyber,0.244,0.26
iran,0.178,0.185
islamic,0.447,0.43
republic,0.462,0.457
aircraft,0.434,0.397
tanks,0.719,0.613
african,0.564,0.59
concealing,0.987,0.975
u.n,0.478,0.381
pakistan,0.485,0.351
spoke,0.634,0.578
putin,0.381,0.352
decree,0.662,0.655
european,0.21,0.212
vladimir,0.845,0.813
myanmar,0.316,0.268
located,0.372,0.379
nicaragua,0.744,0.719
executions,0.415,0.383
japanese,0.315,0.381
japan,0.279,0.319
korea,0.269,0.207
launches,0.293,0.379
iaea,0.52,0.442
obligations,0.434,0.374
french,0.392,0.381
link,0.345,0.316
atomic,0.393,0.374
iranian,0.26,0.261
ratified,0.693,0.627
region,0.412,0.354
opium,0.254,0.286
producer,0.795,0.766
that--,0.409,0.307
organized,0.564,0.514
lasted,0.693,0.717
aimed,0.224,0.244
purposes,0.392,0.391
china,0.212,0.184
promoting,0.677,0.687
syria,0.697,0.59
chinese,0.253,0.195
korean,0.261,0.255
cities,0.59,0.568
washington,0.465,0.472
britain,0.269,0.236
urges,0.189,0.17
kashmir,0.591,0.58
india,0.262,0.243
israel,0.29,0.286
warns,0.271,0.307
missiles,0.503,0.382
civilian,0.296,0.33
allies,0.296,0.255
clash,0.327,0.292
clashes,0.34,0.258
ally,0.447,0.553
london,0.657,0.654
vietnam,0.334,0.327
stated--,0.368,0.319
bombs,0.244,0.307
american,0.217,0.228
april,0.728,0.744
newspapers,0.538,0.489
france,0.308,0.249
provides,0.386,0.303
guns,0.213,0.187
saudi,0.602,0.593
arabia,0.615,0.6
rape,0.222,0.205
uk,0.477,0.431
secretary,0.257,0.252
u.s,0.299,0.282
africa,0.462,0.484
website,0.367,0.335
2007,0.65,0.618
amnesty,0.445,0.469
institute,0.443,0.352
strategic,0.488,0.422
plutonium,0.702,0.692
trail,0.416,0.426
indian,0.254,0.233
anonymity,0.841,0.771
attempts,0.417,0.465
spy,0.542,0.531
satellites,0.402,0.413
opposes,0.391,0.36
mark,0.39,0.4
estonia,0.587,0.564
typhoon,0.301,0.395
hanged,0.432,0.482
destroy,0.366,0.419
restricted,0.802,0.762
accuses,0.562,0.553
transfer,0.382,0.337
production,0.348,0.382
embargo,0.524,0.535
pact,0.385,0.357
style,0.373,0.293
sentences,0.551,0.525
defend,0.71,0.664
programs,0.3,0.347
education,0.362,0.337
suspects,0.46,0.446
jordan,0.38,0.356
criminals,0.495,0.46
reasonable,0.726,0.608
effective,0.515,0.449
extensive,0.399,0.426
threatens,0.278,0.307
germany,0.393,0.312
concern,0.389,0.393
parallel,0.361,0.419
seriously,0.34,0.329
casualties,0.787,0.792
rocket,0.308,0.374
siemens,0.795,0.733
beginning,0.461,0.436
reviewed,0.594,0.583
hacking,0.333,0.303
liberal,0.427,0.399
supports,0.598,0.517
sanctions,0.207,0.196
lies,0.389,0.361
king,0.351,0.452
governments,0.564,0.504
protests,0.294,0.229
studied,0.494,0.403
feared,0.466,0.406
golden,0.388,0.484
statue,0.39,0.374
memorial,0.445,0.359
smuggling,0.645,0.614
image,0.29,0.258
decreasing,0.566,0.648
israeli,0.544,0.499
tense,0.609,0.537
components,0.49,0.407
absolute,0.459,0.483
organ,0.5,0.531
Mall,0.398,0.397
Kenya,0.201,0.201
Opposition,0.626,0.586
Weak,0.961,0.852
quake,0.181,0.209
kills,0.167,0.179
Death,0.513,0.422
toll,0.218,0.265
crash,0.329,0.234
coach,0.399,0.468
PM,0.245,0.157
Suicide,0.456,0.404
bomber,0.444,0.259
detains,0.416,0.418
787,0.321,0.389
Dreamliner,0.232,0.267
catches,0.413,0.411
White,0.304,0.293
Gunmen,0.449,0.36
Swiss,0.54,0.552
tourist,0.522,0.528
raped,0.434,0.406
Palestinians,0.252,0.272
planes,0.393,0.353
airstrike,0.331,0.398
Vote,0.319,0.276
Presidential,0.456,0.484
Election,0.41,0.332
Wins,0.447,0.492
Mali,0.211,0.15
Dead,0.319,0.279
Protest,0.32,0.291
drone,0.359,0.374
Pak,0.448,0.438
NW,0.432,0.353
bar,0.394,0.364
Bangladesh,0.263,0.272
Afghanistan,0.237,0.168
flock,0.53,0.619
Taliban,0.192,0.235
Afghan,0.215,0.229
Governor,0.365,0.325
postpones,0.343,0.399
iPhone,0.323,0.338
tourists,0.394,0.408
Beckham,0.667,0.703
Soccer,0.429,0.426
Doctor,0.397,0.434
Man,0.287,0.213
Set,0.272,0.249
Dies,0.28,0.196
dies,0.267,0.201
civilians,0.495,0.43
USD,0.572,0.427
yuan,0.407,0.434
strengthens,0.863,0.792
Ex,0.435,0.337
execution,0.345,0.311
Islamist,0.209,0.209
ski,0.364,0.331
skiing,0.635,0.571
Bradley,0.501,0.513
Abrams,0.544,0.566
Thai,0.309,0.319
announces,0.362,0.331
jail,0.305,0.248
lands,0.443,0.415
airport,0.294,0.272
Brazil,0.351,0.343
resume,0.479,0.406
historic,0.254,0.243
wildfire,0.375,0.366
immigration,0.494,0.48
Mandela,0.275,0.244
condemns,0.23,0.239
confirms,0.438,0.454
Hundreds,0.624,0.52
factory,0.255,0.269
sick,0.336,0.357
Yemen,0.35,0.345
coal,0.449,0.414
tear,0.535,0.539
Cairo,0.394,0.35
roads,0.512,0.485
rejects,0.235,0.21
Morsi,0.193,0.194
Tokyo,0.461,0.501
2020,0.63,0.604
Olympic,0.595,0.579
Games,0.704,0.685
Olympics,0.605,0.545
Housing,0.567,0.53
Up,0.339,0.306
Killed,0.209,0.197
Over,0.241,0.197
tunnel,0.403,0.4
magnitude,0.513,0.428
Zealand,0.606,0.609
Dozens,0.273,0.224
Nelson,0.289,0.28
Briefing,0.68,0.584
Sudan,0.296,0.296
Islamists,0.293,0.339
Vatican,0.562,0.557
explosions,0.424,0.392
polls,0.493,0.425
Brotherhood,0.195,0.182
vows,0.416,0.33
Leader,0.367,0.298
History,0.72,0.684
Manning,0.326,0.334
approves,0.231,0.229
Deal,0.272,0.242
Rouhani,0.31,0.342
Airstrikes,0.547,0.574
unveils,0.384,0.42
Case,0.476,0.388
CENC,0.537,0.523
SW,0.644,0.635
Earth,0.575,0.585
Santa,0.444,0.406
Train,0.418,0.38
Chemical,0.216,0.218
Weapons,0.219,0.21
Bombs,0.465,0.433
Assad,0.358,0.349
90,0.398,0.37
Sri,0.27,0.232
Lanka,0.377,0.297
Egyptian,0.274,0.272
Israelis,0.428,0.433
prisoner,0.322,0.308
Pakistani,0.306,0.323
Kill,0.316,0.363
agrees,0.254,0.32
Snowden,0.214,0.256
tent,0.311,0.32
envoy,0.284,0.256
Moderate,0.535,0.62
jolts,0.375,0.399
Ukrainian,0.259,0.286
resigns,0.574,0.465
signals,0.522,0.505
divorce,0.496,0.421
apartment,0.538,0.51
Car,0.397,0.347
49,0.508,0.526
Militants,0.566,0.592
cruise,0.376,0.359
Missing,0.512,0.426
releases,0.338,0.332
pledges,0.478,0.454
tough,0.364,0.314
promises,0.513,0.458
silence,0.328,0.365
pleads,0.536,0.44
Mubarak,0.258,0.277
Boy,0.565,0.493
gays,0.463,0.445
delays,0.417,0.344
Plans,0.426,0.394
Pictures,0.626,0.546
2013,0.324,0.231
Gaza,0.448,0.404
Strike,0.328,0.369
USA,0.405,0.394
row,0.379,0.396
Venezuelan,0.273,0.262
Admits,0.311,0.431
Sex,0.347,0.36
Children,0.438,0.449
Help,0.392,0.359
Marathon,0.373,0.306
Report,0.292,0.318
finish,0.499,0.484
Queen,0.276,0.31
collapses,0.514,0.421
Cars,0.582,0.548
pays,0.426,0.347
tribute,0.459,0.404
declares,0.313,0.315
throw,0.318,0.379
Protesters,0.392,0.373
Prize,0.678,0.679
2012,0.363,0.295
Start,0.302,0.297
Kabul,0.365,0.364
pct,0.538,0.56
answers,0.25,0.23
reveals,0.345,0.304
U.S,0.399,0.375
Sentenced,0.307,0.329
Libya,0.455,0.427
Benghazi,0.345,0.392
Bomb,0.39,0.345
Hits,0.237,0.262
Musharraf,0.471,0.483
Nuclear,0.487,0.468
Talks,0.395,0.286
Hugo,0.451,0.455
unity,0.549,0.483
brings,0.356,0.427
NATO,0.387,0.342
Note,0.879,0.855
Must,0.935,0.861
Reads,0.784,0.774
Live,0.415,0.424
Lebanon,0.41,0.34
Tunisia,0.625,0.598
Mumbai,0.32,0.375
suspect,0.223,0.234
Thatcher,0.361,0.418
worry,0.253,0.248
Says,0.281,0.305
weakens,0.782,0.848
Egyptians,0.716,0.666
Cameron,0.381,0.316
Putin,0.242,0.255
N,0.372,0.346
zone,0.494,0.399
Delhi,0.411,0.427
Rape,0.405,0.435
begins,0.284,0.272
Typhoon,0.367,0.345
Calls,0.327,0.323
handle,0.511,0.499
Kills,0.472,0.465
Somalia,0.281,0.21
Attack,0.443,0.333
Mother,0.767,0.71
Protests,0.619,0.57
calm,0.316,0.3
Moscow,0.362,0.301
shutdown,0.409,0.32
rocks,0.397,0.376
Million,0.517,0.463
sends,0.266,0.282
Kim,0.449,0.419
uncle,0.623,0.579
Hezbollah,0.232,0.272
Beirut,0.46,0.441
Gun,0.171,0.205
ready,0.335,0.285
pub,0.539,0.455
Greece,0.388,0.401
Search,0.323,0.348
escape,0.487,0.411
Many,0.54,0.5
prays,0.552,0.587
policeman,0.417,0.422
Anti,0.382,0.392
Lenin,0.921,0.815
eight,0.52,0.504
blasts,0.402,0.435
hero,0.4,0.373
Oprah,0.279,0.27
doping,0.437,0.378
NRA,0.304,0.293
embassy,0.391,0.371
Sinai,0.238,0.255
Turkey,0.27,0.238
ride,0.352,0.314
Pistorius,0.436,0.422
Hakimullah,0.772,0.753
evacuation,0.295,0.256
university,0.342,0.265
Plan,0.347,0.304
Launches,0.424,0.451
Algeria,0.4,0.408
Myanmar,0.352,0.274
mosque,0.377,0.368
Linked,0.551,0.479
Ban,0.328,0.331
Review,0.409,0.371
Arms,0.376,0.332
suffering,0.398,0.419
Near,0.36,0.395
Hagel,0.508,0.495
defends,0.378,0.423
killings,0.489,0.41
closely,0.379,0.327
slams,0.345,0.371
Brown,0.395,0.374
app,0.364,0.389
Suspected,0.593,0.493
prayer,0.59,0.457
Pope,0.481,0.445
Amid,0.461,0.459
fun,0.317,0.364
Allen,0.505,0.52
Gold,0.565,0.567
Facebook,0.2,0.192
expands,0.412,0.374
extend,0.486,0.528
sharing,0.774,0.655
eruption,0.732,0.699
mourns,0.345,0.358
Papers,0.397,0.328
Piers,0.566,0.494
Rebels,0.489,0.523
Oscar,0.734,0.708
bathroom,0.476,0.416
ambush,0.646,0.641
pair,0.432,0.376
contest,0.417,0.407
seats,0.612,0.506
granted,0.629,0.659
Large,0.388,0.388
Algerian,0.457,0.44
Questions,0.297,0.257
Powerful,0.595,0.539
Tropical,0.645,0.593
Storm,0.364,0.386
Coast,0.37,0.366
slide,0.366,0.381
Miss,0.384,0.392
comments,0.281,0.284
Lebanese,0.465,0.436
Ink,0.741,0.603
Image,0.726,0.717
images,0.475,0.503
Deadly,0.468,0.481
Blast,0.647,0.579
Merkel,0.468,0.465
park,0.302,0.245
protecting,0.502,0.449
guru,0.478,0.431
returns,0.323,0.31
Oklahoma,0.458,0.437
Biden,0.529,0.538
Economic,0.388,0.397
Top,0.244,0.274
Kenyan,0.421,0.394
mall,0.287,0.265
finds,0.358,0.332
Trial,0.563,0.484
damaging,0.999,0.997
Premier,0.584,0.537
hostage,0.299,0.269
truth,0.365,0.376
Know,0.647,0.59
harm,0.428,0.358
Yellen,0.432,0.337
chair,0.199,0.217
Janet,0.57,0.477
Data,0.582,0.487
Doris,0.674,0.625
Lessing,0.764,0.702
asylum,0.257,0.286
heads,0.275,0.311
appearance,0.503,0.442
wage,0.353,0.287
ten,0.363,0.39
affair,0.523,0.473
Kiev,0.903,0.796
Helicopter,0.734,0.694
FM,0.383,0.294
Reserve,0.746,0.722
Least,0.541,0.524
Airlines,0.217,0.254
Glasgow,0.55,0.58
Crash,0.335,0.411
Senator,0.531,0.571
Clinton,0.305,0.28
89,0.746,0.66
Official,0.382,0.345
branches,0.393,0.388
trains,0.414,0.425
decker,0.231,0.287
lamb,0.331,0.31
sits,0.308,0.272
brown,0.167,0.15
jockey,0.615,0.625
blanket,0.285,0.306
moped,0.551,0.484
sleeps,0.533,0.549
asleep,0.463,0.47
yellow,0.133,0.127
sheep,0.17,0.18
grazing,0.242,0.196
dining,0.383,0.257
haired,0.262,0.216
gray,0.3,0.36
shirt,0.131,0.16
smiling,0.533,0.518
silver,0.238,0.217
coffee,0.365,0.425
wheelie,0.401,0.358
cats,0.272,0.268
photo,0.348,0.3
background,0.364,0.205
Older,0.799,0.759
mountains,0.358,0.288
trough,0.686,0.703
helmet,0.341,0.317
shorts,0.299,0.285
sit,0.245,0.204
beer,0.249,0.263
Black,0.313,0.244
dirt,0.285,0.293
grassy,0.338,0.216
horses,0.436,0.423
Coke,0.515,0.5
crowded,0.526,0.577
monitors,0.532,0.65
tan,0.202,0.235
restaurant,0.537,0.356
ducks,0.612,0.666
sofa,0.248,0.231
docked,0.473,0.354
shore,0.205,0.221
bush,0.271,0.227
ear,0.51,0.48
grey,0.259,0.222
purple,0.188,0.213
dressed,0.189,0.216
blonde,0.248,0.296
bald,0.704,0.78
eagles,0.787,0.719
striped,0.338,0.431
twin,0.462,0.463
Room,0.472,0.515
birds,0.281,0.281
snow,0.194,0.154
resting,0.272,0.21
mountain,0.361,0.317
goats,0.45,0.418
partly,0.692,0.668
cloudy,0.725,0.614
bookstore,0.835,0.823
jacket,0.176,0.214
collar,0.196,0.184
directions,0.847,0.729
sailing,0.328,0.37
Small,0.463,0.522
porch,0.677,0.651
infant,0.353,0.393
outdoors,0.49,0.456
Tan,0.474,0.487
cabinets,0.559,0.545
older,0.438,0.414
poses,0.336,0.307
newborn,0.569,0.528
bikini,0.536,0.541
jeans,0.397,0.379
chairs,0.329,0.336
wine,0.328,0.342
distance,0.311,0.292
ears,0.355,0.44
paddling,0.565,0.599
canoe,0.255,0.261
sailboat,0.689,0.751
horned,0.539,0.97
winter,0.427,0.462
icy,0.476,0.503
feeder,0.48,0.521
beam,0.476,0.479
fountain,0.555,0.495
pants,0.521,0.538
paved,0.484,0.52
clad,0.639,0.653
subway,0.347,0.338
stickers,0.597,0.631
forest,0.484,0.459
snowy,0.289,0.3
Old,0.376,0.328
furniture,0.417,0.433
crossing,0.353,0.356
stuff,0.297,0.331
flapping,0.686,0.615
wings,0.612,0.58
incline,0.642,0.726
guys,0.348,0.311
bikes,0.449,0.418
steam,0.629,0.608
Coca,0.599,0.598
bench,0.277,0.274
boats,0.442,0.415
pond,0.799,0.658
pile,0.378,0.343
bright,0.407,0.494
classic,0.405,0.452
beard,0.341,0.397
walk,0.291,0.299
backpack,0.371,0.386
dress,0.238,0.286
Jet,0.473,0.489
hats,0.382,0.365
fashioned,0.721,0.716
railroad,0.582,0.474
clothing,0.625,0.555
brick,0.289,0.245
ferris,0.505,0.487
tall,0.427,0.39
leash,0.355,0.328
uniform,0.515,0.47
lay,0.371,0.383
Long,0.292,0.297
Phillips,0.683,0.707
railing,0.555,0.443
dock,0.324,0.329
pole,0.455,0.347
learning,0.318,0.34
thin,0.444,0.466
column,0.314,0.365
write,0.403,0.349
burden,0.358,0.332
Cause,0.791,0.684
intent,0.415,0.356
length,0.327,0.281
racetrack,0.644,0.592
section,0.342,0.323
injury,0.499,0.455
shape,0.393,0.388
etc,0.24,0.238
spoken,0.438,0.415
sharp,0.441,0.493
Make,0.612,0.546
leaping,0.64,0.617
manner,0.279,0.255
leaps,0.519,0.487
employed,1.0,0.999
abstract,0.315,0.287
trait,0.844,0.758
via,0.262,0.223
ability,0.502,0.464
agent,0.276,0.346
surface,0.447,0.293
buildings,0.331,0.346
raising,0.473,0.4
factor,0.437,0.421
perform,0.339,0.35
passing,0.457,0.39
attitude,0.408,0.37
swim,0.493,0.539
correct,0.502,0.471
raise,0.253,0.25
design,0.44,0.431
phrase,0.307,0.326
behave,0.589,0.47
interesting,0.286,0.277
imagine,0.633,0.536
DNA,0.365,0.366
organism,0.268,0.266
serve,0.364,0.39
firmly,0.793,0.793
location,0.275,0.245
contained,0.254,0.261
amount,0.319,0.286
balls,0.601,0.57
electricity,0.387,0.441
disbursing,0.998,0.981
medium,0.335,0.354
twist,0.519,0.51
suddenly,0.539,0.534
somebody,0.488,0.463
Break,0.764,0.732
register,0.916,0.858
participant,0.447,0.449
oneself,0.525,0.539
catch,0.36,0.421
Advance,0.688,0.701
mouth,0.233,0.175
specifically,0.316,0.291
tend,0.388,0.33
hastily,0.685,0.652
incorrect,0.923,0.854
ON,0.465,0.487
Be,0.302,0.24
contact,0.3,0.297
color,0.287,0.265
bubble,0.307,0.331
bend,0.532,0.55
vertical,0.999,0.985
wet,0.269,0.351
local,0.321,0.363
smaller,0.259,0.302
assign,0.481,0.411
arrange,0.308,0.365
eligible,0.4,0.415
add,0.199,0.182
combining,0.665,0.641
cool,0.408,0.417
Run,0.632,0.602
moderately,0.668,0.568
swift,0.664,0.603
pace,0.631,0.479
meaning,0.302,0.28
coat,0.379,0.476
pounding,1.0,1.0
grinding,0.842,0.789
rest,0.422,0.382
objects,0.304,0.309
routine,0.487,0.408
providing,0.491,0.464
31,0.441,0.384
choosing,0.629,0.532
desire,0.523,0.519
perfect,0.485,0.454
offers,0.383,0.474
Go,0.274,0.286
sudden,0.465,0.53
retained,0.507,0.516
predicting,0.412,0.735
reducing,1.0,0.997
disguising,0.729,0.56
useful,0.386,0.351
unpleasant,1.0,0.997
selecting,1.0,0.994
paint,0.609,0.594
cluster,0.608,0.618
obstacle,0.392,0.306
visual,0.47,0.442
preserving,0.806,0.819
Change,0.579,0.557
connected,0.43,0.289
settle,0.435,0.489
harming,0.521,0.578
Rise,0.513,0.511
emotion,0.417,0.387
channels,0.848,0.837
Global,0.326,0.36
Op,0.332,0.183
Ed,0.556,0.308
Columnist,0.36,0.275
Assault,0.825,0.797
  ,0.192,0.178
v.,0.659,0.678
Opinionator,0.415,0.323
Beijing,0.276,0.275
Back,0.444,0.401
NYTimes,0.198,0.147
Found,0.278,0.309
Victims,0.352,0.39
245,0.495,0.379
outsources,0.581,0.646
surfs,0.999,0.994
Broken,0.662,0.493
limbs,0.735,0.673
Arctic,0.481,0.463
|,0.171,0.193
Sight,0.729,0.704
Opinion,0.642,0.538
220,0.636,0.576
Gosling,0.642,0.729
Path,0.472,0.514
Breaks,0.737,0.61
Silence,0.661,0.689
Design,0.468,0.442
Disruptions,0.694,0.514
Driving,0.605,0.595
Interesting,0.322,0.385
Twitter,0.206,0.229
MT,0.319,0.234
Doping,0.578,0.435
Testify,0.881,0.801
Cycling,0.998,0.998
sad,0.35,0.396
Subway,0.548,0.508
Activist,0.59,0.538
Aaron,0.311,0.32
Bad,0.423,0.446
Contributor,0.33,0.283
tells,0.329,0.257
Catholic,0.695,0.638
argue,0.611,0.677
fetus,0.844,0.778
Life,0.241,0.187
Video,0.328,0.372
Blog,0.208,0.188
Producer,0.768,0.718
Sign,0.494,0.498
Rome,0.614,0.555
colorful,0.366,0.389
Saudis,0.814,0.779
maid,0.619,0.681
FAA,0.798,0.793
Hillary,0.633,0.719
IHT,0.77,0.53
Returns,0.371,0.413
politics,0.508,0.455
Voice,0.465,0.419
Good,0.271,0.252
grief,0.685,0.648
Subways,0.973,0.878
Stir,0.572,0.571
Soul,0.987,0.958
Need,0.406,0.396
commits,0.56,0.496
Online,0.435,0.421
activist,0.547,0.531
Generation,0.474,0.469
Crisis,0.399,0.409
Killing,0.617,0.533
Us,0.728,0.64
Editorial,0.683,0.514
Don?t,0.795,0.719
Bits,0.53,0.588
Unveils,0.688,0.708
Tool,1.0,0.999
Graph,0.478,0.46
deserve,0.285,0.291
NYT,0.253,0.215
Shell,0.377,0.37
Teen,0.929,0.934
Confronts,1.0,0.989
Unaffordable,0.919,0.799
Luxury,0.806,0.71
Flu,0.288,0.311
Response,0.455,0.529
Exercise,0.898,0.858
Boost,0.801,0.783
Potency,1.0,0.997
Preppers,0.813,0.748
hoax,0.584,0.555
Disabled,0.54,0.581
Athletes,0.472,0.527
Logistics,0.99,0.973
unconstitutional,1.0,0.997
Slurs,0.661,0.57
Study,0.437,0.442
Boss,0.514,0.442
Gatorade,0.989,0.973
Changes,0.972,0.957
Firm,0.506,0.38
Raises,0.909,0.876
Campaign,0.59,0.415
Boom,0.51,0.47
Hip,0.448,0.465
Maker,0.928,0.925
Obama?s,0.522,0.516
Pauline,0.496,0.47
Dear,0.429,0.417
Abby,0.431,0.391
Flinty,0.999,0.993
Adviser,0.666,0.705
calorie,0.998,0.996
restaurants,0.999,0.997
favorite,0.547,0.484
Tibetan,0.692,0.649
obesity,0.492,0.497
Foster,0.502,0.46
Laws,0.594,0.529
Happens,0.745,0.671
Cast,0.729,0.741
Lindsay,0.753,0.701
Lohan,0.692,0.691
Here,0.346,0.339
sees,0.515,0.453
Manti,0.433,0.443
Te'o,0.588,0.567
Becomes,0.532,0.599
Kobe,0.46,0.469
Climbs,0.618,0.62
NY,0.265,0.189
Support,0.505,0.434
Grades,0.684,0.648
Economy,0.764,0.703
Guns,0.377,0.385
Speed,0.51,0.441
Apps,0.564,0.531
Lifting,0.999,0.991
Dog,0.68,0.647
Discovers,0.457,0.342
Spy,0.43,0.377
babies,0.727,0.772
cry,0.636,0.594
Too,0.453,0.486
Banned,0.614,0.908
Toll,0.38,0.367
v,0.401,0.381
Sarah,0.487,0.447
Palin,0.54,0.511
articles,0.393,0.422
Readers,0.638,0.634
sue,0.481,0.442
refund,0.884,0.785
Newtown,0.659,0.741
Seek,0.452,0.436
Fast,0.433,0.399
Golden,0.429,0.405
Gains,0.915,0.83
Creating,0.836,0.757
mistakes,0.703,0.628
Public,0.658,0.611
ArtsBeat,0.482,0.48
Looks,0.661,0.601
rush,0.622,0.559
remember,0.402,0.379
Crusader,0.551,0.52
Defendant,0.516,0.628
Feel,0.541,0.484
Y,0.33,0.289
honest,0.537,0.428
Social,0.732,0.714
op,0.447,0.435
Rivals,0.583,0.612
Switch,0.426,0.45
Java,0.374,0.384
incomplete,0.49,0.466
Rarely,0.692,0.692
owners,0.384,0.374
Riss,0.633,0.611
Pugach,0.73,0.723
Headlines,0.961,0.916
FIFA,0.349,0.338
2nd,0.343,0.321
Violence,0.487,0.406
x,0.326,0.276
Although,0.52,0.432
Star,0.461,0.432
Wars,0.494,0.498
Hire,0.43,0.347
Travel,0.392,0.329
Interview,0.353,0.349
App,0.408,0.438
Veterans,0.632,0.696
Laden,0.41,0.421
stars,0.356,0.382
slides,0.701,0.604
Proposal,0.778,0.705
housing,0.456,0.44
truly,0.345,0.4
Decision,0.427,0.345
yourself,0.269,0.242
Battery,0.607,0.609
skier,0.526,0.575
posters,0.849,0.707
Second,0.363,0.428
unless,0.311,0.354
noticed,0.509,0.563
stream,0.375,0.372
loves,0.39,0.345
Stars,0.605,0.614
formed,0.537,0.541
collision,0.346,0.33
solar,0.293,0.299
myself,0.377,0.322
mentioned,0.353,0.372
types,0.431,0.369
bulb,0.211,0.19
recommend,0.435,0.36
obvious,0.35,0.352
and/or,0.309,0.332
lots,0.418,0.383
spouse,0.329,0.268
fairly,0.386,0.365
outdoor,0.463,0.525
diaper,0.458,0.471
4th,0.681,0.649
splashing,0.418,0.418
tank,0.413,0.419
Danios,0.465,0.457
god,0.407,0.369
lens,0.336,0.331
super,0.323,0.318
wide,0.32,0.287
switch,0.224,0.224
pitch,0.469,0.455
B,0.333,0.256
worn,0.838,0.839
hockey,0.559,0.492
supposed,0.566,0.59
oldest,0.625,0.604
terminal,0.284,0.217
Bulb,0.329,0.263
separated,0.302,0.351
Bulbs,0.397,0.376
c,0.296,0.226
paths,0.365,0.295
terminals,0.425,0.401
creates,0.274,0.297
circuit,0.33,0.205
voltage,0.227,0.231
Terminal,0.312,0.29
burns,0.744,0.609
bulbs,0.283,0.259
Measuring,0.866,0.732
indicates,0.564,0.538
z,0.354,0.273
postive,0.502,0.509
Terminals,0.523,0.427
X.,0.999,0.986
b,0.268,0.245
circut,0.358,0.354
seperated,0.256,0.272
pathway,0.491,0.438
america,0.39,0.392
shocked,0.973,0.94
rhetoric,0.689,0.742
obama,0.38,0.383
admin,0.577,0.528
fox,0.338,0.303
leviticus,0.554,0.498
practices,0.647,0.632
follows,0.453,0.517
Explosion,0.499,0.464
Cory,0.435,0.436
Monteith,0.632,0.576
Crimea,0.276,0.254
Rudd,0.586,0.597
Karen,0.739,0.73
Margaret,0.412,0.452
87,0.537,0.608
diplomat,0.472,0.54
ferry,0.41,0.376
Äď,0.703,0.673
ceasefire,0.615,0.539
Manchester,0.577,0.493
truce,0.488,0.459
swims,0.52,0.37
volleyball,0.586,0.656
flags,0.406,0.397
hurdle,0.609,0.56
pit,0.527,0.503
Frisbee,0.339,0.329
surfing,0.593,0.562
ramp,0.381,0.345
puppies,0.687,0.628
trunks,0.458,0.382
surfer,0.448,0.451
playground,0.484,0.494
